eligible_trips,recommendations_per_eligible_day,adoption,acceptance,incremental_share,item_price,margin_rate,monthly_cost,coupon_per_accepted_item,impressions,accepted_items,incremental_items,incremental_revenue,coupon_cost,net_monthly_contribution,break_even_incremental_share,capacity_policy,experience
100000,8.0,0.1,0.05,0.05,3.0,0.15,5000.0,0.0,80000.0,4000.0,200.0,600.0,0.0,-4910.0,2.7777777777777777,Fixed eight,Reminders only
100000,8.0,0.1,0.05,0.05,3.0,0.15,5000.0,0.5,80000.0,4000.0,200.0,600.0,2000.0,-6910.0,3.888888888888889,Fixed eight,Reminders plus $0.50 coupon
100000,8.0,0.1,0.05,0.05,3.0,0.25,5000.0,0.0,80000.0,4000.0,200.0,600.0,0.0,-4850.0,1.6666666666666667,Fixed eight,Reminders only
100000,8.0,0.1,0.05,0.05,3.0,0.25,5000.0,0.5,80000.0,4000.0,200.0,600.0,2000.0,-6850.0,2.3333333333333335,Fixed eight,Reminders plus $0.50 coupon
100000,8.0,0.1,0.05,0.05,3.0,0.35,5000.0,0.0,80000.0,4000.0,200.0,600.0,0.0,-4790.0,1.1904761904761905,Fixed eight,Reminders only
100000,8.0,0.1,0.05,0.05,3.0,0.35,5000.0,0.5,80000.0,4000.0,200.0,600.0,2000.0,-6790.0,1.6666666666666667,Fixed eight,Reminders plus $0.50 coupon
100000,8.0,0.1,0.05,0.1,3.0,0.15,5000.0,0.0,80000.0,4000.0,400.0,1200.0,0.0,-4820.0,2.7777777777777777,Fixed eight,Reminders only
100000,8.0,0.1,0.05,0.1,3.0,0.15,5000.0,0.5,80000.0,4000.0,400.0,1200.0,2000.0,-6820.0,3.888888888888889,Fixed eight,Reminders plus $0.50 coupon
100000,8.0,0.1,0.05,0.1,3.0,0.25,5000.0,0.0,80000.0,4000.0,400.0,1200.0,0.0,-4700.0,1.6666666666666667,Fixed eight,Reminders only
100000,8.0,0.1,0.05,0.1,3.0,0.25,5000.0,0.5,80000.0,4000.0,400.0,1200.0,2000.0,-6700.0,2.3333333333333335,Fixed eight,Reminders plus $0.50 coupon
100000,8.0,0.1,0.05,0.1,3.0,0.35,5000.0,0.0,80000.0,4000.0,400.0,1200.0,0.0,-4580.0,1.1904761904761905,Fixed eight,Reminders only
100000,8.0,0.1,0.05,0.1,3.0,0.35,5000.0,0.5,80000.0,4000.0,400.0,1200.0,2000.0,-6580.0,1.6666666666666667,Fixed eight,Reminders plus $0.50 coupon
100000,8.0,0.1,0.05,0.2,3.0,0.15,5000.0,0.0,80000.0,4000.0,800.0,2400.0,0.0,-4640.0,2.7777777777777777,Fixed eight,Reminders only
100000,8.0,0.1,0.05,0.2,3.0,0.15,5000.0,0.5,80000.0,4000.0,800.0,2400.0,2000.0,-6640.0,3.888888888888889,Fixed eight,Reminders plus $0.50 coupon
100000,8.0,0.1,0.05,0.2,3.0,0.25,5000.0,0.0,80000.0,4000.0,800.0,2400.0,0.0,-4400.0,1.6666666666666667,Fixed eight,Reminders only
100000,8.0,0.1,0.05,0.2,3.0,0.25,5000.0,0.5,80000.0,4000.0,800.0,2400.0,2000.0,-6400.0,2.3333333333333335,Fixed eight,Reminders plus $0.50 coupon
100000,8.0,0.1,0.05,0.2,3.0,0.35,5000.0,0.0,80000.0,4000.0,800.0,2400.0,0.0,-4160.0,1.1904761904761905,Fixed eight,Reminders only
100000,8.0,0.1,0.05,0.2,3.0,0.35,5000.0,0.5,80000.0,4000.0,800.0,2400.0,2000.0,-6160.0,1.6666666666666667,Fixed eight,Reminders plus $0.50 coupon
100000,8.0,0.1,0.05,0.4,3.0,0.15,5000.0,0.0,80000.0,4000.0,1600.0,4800.0,0.0,-4280.0,2.7777777777777777,Fixed eight,Reminders only
100000,8.0,0.1,0.05,0.4,3.0,0.15,5000.0,0.5,80000.0,4000.0,1600.0,4800.0,2000.0,-6280.0,3.888888888888889,Fixed eight,Reminders plus $0.50 coupon
100000,8.0,0.1,0.05,0.4,3.0,0.25,5000.0,0.0,80000.0,4000.0,1600.0,4800.0,0.0,-3800.0,1.6666666666666667,Fixed eight,Reminders only
100000,8.0,0.1,0.05,0.4,3.0,0.25,5000.0,0.5,80000.0,4000.0,1600.0,4800.0,2000.0,-5800.0,2.3333333333333335,Fixed eight,Reminders plus $0.50 coupon
100000,8.0,0.1,0.05,0.4,3.0,0.35,5000.0,0.0,80000.0,4000.0,1600.0,4800.0,0.0,-3320.0,1.1904761904761905,Fixed eight,Reminders only
100000,8.0,0.1,0.05,0.4,3.0,0.35,5000.0,0.5,80000.0,4000.0,1600.0,4800.0,2000.0,-5320.0,1.6666666666666667,Fixed eight,Reminders plus $0.50 coupon
100000,8.0,0.1,0.1,0.05,3.0,0.15,5000.0,0.0,80000.0,8000.0,400.0,1200.0,0.0,-4820.0,1.3888888888888888,Fixed eight,Reminders only
100000,8.0,0.1,0.1,0.05,3.0,0.15,5000.0,0.5,80000.0,8000.0,400.0,1200.0,4000.0,-8820.0,2.5,Fixed eight,Reminders plus $0.50 coupon
100000,8.0,0.1,0.1,0.05,3.0,0.25,5000.0,0.0,80000.0,8000.0,400.0,1200.0,0.0,-4700.0,0.8333333333333334,Fixed eight,Reminders only
100000,8.0,0.1,0.1,0.05,3.0,0.25,5000.0,0.5,80000.0,8000.0,400.0,1200.0,4000.0,-8700.0,1.5,Fixed eight,Reminders plus $0.50 coupon
100000,8.0,0.1,0.1,0.05,3.0,0.35,5000.0,0.0,80000.0,8000.0,400.0,1200.0,0.0,-4580.0,0.5952380952380952,Fixed eight,Reminders only
100000,8.0,0.1,0.1,0.05,3.0,0.35,5000.0,0.5,80000.0,8000.0,400.0,1200.0,4000.0,-8580.0,1.0714285714285714,Fixed eight,Reminders plus $0.50 coupon
100000,8.0,0.1,0.1,0.1,3.0,0.15,5000.0,0.0,80000.0,8000.0,800.0,2400.0,0.0,-4640.0,1.3888888888888888,Fixed eight,Reminders only
100000,8.0,0.1,0.1,0.1,3.0,0.15,5000.0,0.5,80000.0,8000.0,800.0,2400.0,4000.0,-8640.0,2.5,Fixed eight,Reminders plus $0.50 coupon
100000,8.0,0.1,0.1,0.1,3.0,0.25,5000.0,0.0,80000.0,8000.0,800.0,2400.0,0.0,-4400.0,0.8333333333333334,Fixed eight,Reminders only
100000,8.0,0.1,0.1,0.1,3.0,0.25,5000.0,0.5,80000.0,8000.0,800.0,2400.0,4000.0,-8400.0,1.5,Fixed eight,Reminders plus $0.50 coupon
100000,8.0,0.1,0.1,0.1,3.0,0.35,5000.0,0.0,80000.0,8000.0,800.0,2400.0,0.0,-4160.0,0.5952380952380952,Fixed eight,Reminders only
100000,8.0,0.1,0.1,0.1,3.0,0.35,5000.0,0.5,80000.0,8000.0,800.0,2400.0,4000.0,-8160.0,1.0714285714285714,Fixed eight,Reminders plus $0.50 coupon
100000,8.0,0.1,0.1,0.2,3.0,0.15,5000.0,0.0,80000.0,8000.0,1600.0,4800.0,0.0,-4280.0,1.3888888888888888,Fixed eight,Reminders only
100000,8.0,0.1,0.1,0.2,3.0,0.15,5000.0,0.5,80000.0,8000.0,1600.0,4800.0,4000.0,-8280.0,2.5,Fixed eight,Reminders plus $0.50 coupon
100000,8.0,0.1,0.1,0.2,3.0,0.25,5000.0,0.0,80000.0,8000.0,1600.0,4800.0,0.0,-3800.0,0.8333333333333334,Fixed eight,Reminders only
100000,8.0,0.1,0.1,0.2,3.0,0.25,5000.0,0.5,80000.0,8000.0,1600.0,4800.0,4000.0,-7800.0,1.5,Fixed eight,Reminders plus $0.50 coupon
100000,8.0,0.1,0.1,0.2,3.0,0.35,5000.0,0.0,80000.0,8000.0,1600.0,4800.0,0.0,-3320.0,0.5952380952380952,Fixed eight,Reminders only
100000,8.0,0.1,0.1,0.2,3.0,0.35,5000.0,0.5,80000.0,8000.0,1600.0,4800.0,4000.0,-7320.0,1.0714285714285714,Fixed eight,Reminders plus $0.50 coupon
100000,8.0,0.1,0.1,0.4,3.0,0.15,5000.0,0.0,80000.0,8000.0,3200.0,9600.0,0.0,-3560.0,1.3888888888888888,Fixed eight,Reminders only
100000,8.0,0.1,0.1,0.4,3.0,0.15,5000.0,0.5,80000.0,8000.0,3200.0,9600.0,4000.0,-7560.0,2.5,Fixed eight,Reminders plus $0.50 coupon
100000,8.0,0.1,0.1,0.4,3.0,0.25,5000.0,0.0,80000.0,8000.0,3200.0,9600.0,0.0,-2600.0,0.8333333333333334,Fixed eight,Reminders only
100000,8.0,0.1,0.1,0.4,3.0,0.25,5000.0,0.5,80000.0,8000.0,3200.0,9600.0,4000.0,-6600.0,1.5,Fixed eight,Reminders plus $0.50 coupon
100000,8.0,0.1,0.1,0.4,3.0,0.35,5000.0,0.0,80000.0,8000.0,3200.0,9600.0,0.0,-1640.0,0.5952380952380952,Fixed eight,Reminders only
100000,8.0,0.1,0.1,0.4,3.0,0.35,5000.0,0.5,80000.0,8000.0,3200.0,9600.0,4000.0,-5640.0,1.0714285714285714,Fixed eight,Reminders plus $0.50 coupon
100000,8.0,0.1,0.2,0.05,3.0,0.15,5000.0,0.0,80000.0,16000.0,800.0,2400.0,0.0,-4640.0,0.6944444444444444,Fixed eight,Reminders only
100000,8.0,0.1,0.2,0.05,3.0,0.15,5000.0,0.5,80000.0,16000.0,800.0,2400.0,8000.0,-12640.0,1.8055555555555556,Fixed eight,Reminders plus $0.50 coupon
100000,8.0,0.1,0.2,0.05,3.0,0.25,5000.0,0.0,80000.0,16000.0,800.0,2400.0,0.0,-4400.0,0.4166666666666667,Fixed eight,Reminders only
100000,8.0,0.1,0.2,0.05,3.0,0.25,5000.0,0.5,80000.0,16000.0,800.0,2400.0,8000.0,-12400.0,1.0833333333333333,Fixed eight,Reminders plus $0.50 coupon
100000,8.0,0.1,0.2,0.05,3.0,0.35,5000.0,0.0,80000.0,16000.0,800.0,2400.0,0.0,-4160.0,0.2976190476190476,Fixed eight,Reminders only
100000,8.0,0.1,0.2,0.05,3.0,0.35,5000.0,0.5,80000.0,16000.0,800.0,2400.0,8000.0,-12160.0,0.7738095238095238,Fixed eight,Reminders plus $0.50 coupon
100000,8.0,0.1,0.2,0.1,3.0,0.15,5000.0,0.0,80000.0,16000.0,1600.0,4800.0,0.0,-4280.0,0.6944444444444444,Fixed eight,Reminders only
100000,8.0,0.1,0.2,0.1,3.0,0.15,5000.0,0.5,80000.0,16000.0,1600.0,4800.0,8000.0,-12280.0,1.8055555555555556,Fixed eight,Reminders plus $0.50 coupon
100000,8.0,0.1,0.2,0.1,3.0,0.25,5000.0,0.0,80000.0,16000.0,1600.0,4800.0,0.0,-3800.0,0.4166666666666667,Fixed eight,Reminders only
100000,8.0,0.1,0.2,0.1,3.0,0.25,5000.0,0.5,80000.0,16000.0,1600.0,4800.0,8000.0,-11800.0,1.0833333333333333,Fixed eight,Reminders plus $0.50 coupon
100000,8.0,0.1,0.2,0.1,3.0,0.35,5000.0,0.0,80000.0,16000.0,1600.0,4800.0,0.0,-3320.0,0.2976190476190476,Fixed eight,Reminders only
100000,8.0,0.1,0.2,0.1,3.0,0.35,5000.0,0.5,80000.0,16000.0,1600.0,4800.0,8000.0,-11320.0,0.7738095238095238,Fixed eight,Reminders plus $0.50 coupon
100000,8.0,0.1,0.2,0.2,3.0,0.15,5000.0,0.0,80000.0,16000.0,3200.0,9600.0,0.0,-3560.0,0.6944444444444444,Fixed eight,Reminders only
100000,8.0,0.1,0.2,0.2,3.0,0.15,5000.0,0.5,80000.0,16000.0,3200.0,9600.0,8000.0,-11560.0,1.8055555555555556,Fixed eight,Reminders plus $0.50 coupon
100000,8.0,0.1,0.2,0.2,3.0,0.25,5000.0,0.0,80000.0,16000.0,3200.0,9600.0,0.0,-2600.0,0.4166666666666667,Fixed eight,Reminders only
100000,8.0,0.1,0.2,0.2,3.0,0.25,5000.0,0.5,80000.0,16000.0,3200.0,9600.0,8000.0,-10600.0,1.0833333333333333,Fixed eight,Reminders plus $0.50 coupon
100000,8.0,0.1,0.2,0.2,3.0,0.35,5000.0,0.0,80000.0,16000.0,3200.0,9600.0,0.0,-1640.0,0.2976190476190476,Fixed eight,Reminders only
100000,8.0,0.1,0.2,0.2,3.0,0.35,5000.0,0.5,80000.0,16000.0,3200.0,9600.0,8000.0,-9640.0,0.7738095238095238,Fixed eight,Reminders plus $0.50 coupon
100000,8.0,0.1,0.2,0.4,3.0,0.15,5000.0,0.0,80000.0,16000.0,6400.0,19200.0,0.0,-2120.0,0.6944444444444444,Fixed eight,Reminders only
100000,8.0,0.1,0.2,0.4,3.0,0.15,5000.0,0.5,80000.0,16000.0,6400.0,19200.0,8000.0,-10120.0,1.8055555555555556,Fixed eight,Reminders plus $0.50 coupon
100000,8.0,0.1,0.2,0.4,3.0,0.25,5000.0,0.0,80000.0,16000.0,6400.0,19200.0,0.0,-200.0,0.4166666666666667,Fixed eight,Reminders only
100000,8.0,0.1,0.2,0.4,3.0,0.25,5000.0,0.5,80000.0,16000.0,6400.0,19200.0,8000.0,-8200.0,1.0833333333333333,Fixed eight,Reminders plus $0.50 coupon
100000,8.0,0.1,0.2,0.4,3.0,0.35,5000.0,0.0,80000.0,16000.0,6400.0,19200.0,0.0,1720.0,0.2976190476190476,Fixed eight,Reminders only
100000,8.0,0.1,0.2,0.4,3.0,0.35,5000.0,0.5,80000.0,16000.0,6400.0,19200.0,8000.0,-6280.0,0.7738095238095238,Fixed eight,Reminders plus $0.50 coupon
100000,8.0,0.25,0.05,0.05,3.0,0.15,5000.0,0.0,200000.0,10000.0,500.0,1500.0,0.0,-4775.0,1.1111111111111112,Fixed eight,Reminders only
100000,8.0,0.25,0.05,0.05,3.0,0.15,5000.0,0.5,200000.0,10000.0,500.0,1500.0,5000.0,-9775.0,2.2222222222222223,Fixed eight,Reminders plus $0.50 coupon
100000,8.0,0.25,0.05,0.05,3.0,0.25,5000.0,0.0,200000.0,10000.0,500.0,1500.0,0.0,-4625.0,0.6666666666666666,Fixed eight,Reminders only
100000,8.0,0.25,0.05,0.05,3.0,0.25,5000.0,0.5,200000.0,10000.0,500.0,1500.0,5000.0,-9625.0,1.3333333333333333,Fixed eight,Reminders plus $0.50 coupon
100000,8.0,0.25,0.05,0.05,3.0,0.35,5000.0,0.0,200000.0,10000.0,500.0,1500.0,0.0,-4475.0,0.47619047619047616,Fixed eight,Reminders only
100000,8.0,0.25,0.05,0.05,3.0,0.35,5000.0,0.5,200000.0,10000.0,500.0,1500.0,5000.0,-9475.0,0.9523809523809523,Fixed eight,Reminders plus $0.50 coupon
100000,8.0,0.25,0.05,0.1,3.0,0.15,5000.0,0.0,200000.0,10000.0,1000.0,3000.0,0.0,-4550.0,1.1111111111111112,Fixed eight,Reminders only
100000,8.0,0.25,0.05,0.1,3.0,0.15,5000.0,0.5,200000.0,10000.0,1000.0,3000.0,5000.0,-9550.0,2.2222222222222223,Fixed eight,Reminders plus $0.50 coupon
100000,8.0,0.25,0.05,0.1,3.0,0.25,5000.0,0.0,200000.0,10000.0,1000.0,3000.0,0.0,-4250.0,0.6666666666666666,Fixed eight,Reminders only
100000,8.0,0.25,0.05,0.1,3.0,0.25,5000.0,0.5,200000.0,10000.0,1000.0,3000.0,5000.0,-9250.0,1.3333333333333333,Fixed eight,Reminders plus $0.50 coupon
100000,8.0,0.25,0.05,0.1,3.0,0.35,5000.0,0.0,200000.0,10000.0,1000.0,3000.0,0.0,-3950.0,0.47619047619047616,Fixed eight,Reminders only
100000,8.0,0.25,0.05,0.1,3.0,0.35,5000.0,0.5,200000.0,10000.0,1000.0,3000.0,5000.0,-8950.0,0.9523809523809523,Fixed eight,Reminders plus $0.50 coupon
100000,8.0,0.25,0.05,0.2,3.0,0.15,5000.0,0.0,200000.0,10000.0,2000.0,6000.0,0.0,-4100.0,1.1111111111111112,Fixed eight,Reminders only
100000,8.0,0.25,0.05,0.2,3.0,0.15,5000.0,0.5,200000.0,10000.0,2000.0,6000.0,5000.0,-9100.0,2.2222222222222223,Fixed eight,Reminders plus $0.50 coupon
100000,8.0,0.25,0.05,0.2,3.0,0.25,5000.0,0.0,200000.0,10000.0,2000.0,6000.0,0.0,-3500.0,0.6666666666666666,Fixed eight,Reminders only
100000,8.0,0.25,0.05,0.2,3.0,0.25,5000.0,0.5,200000.0,10000.0,2000.0,6000.0,5000.0,-8500.0,1.3333333333333333,Fixed eight,Reminders plus $0.50 coupon
100000,8.0,0.25,0.05,0.2,3.0,0.35,5000.0,0.0,200000.0,10000.0,2000.0,6000.0,0.0,-2900.0,0.47619047619047616,Fixed eight,Reminders only
100000,8.0,0.25,0.05,0.2,3.0,0.35,5000.0,0.5,200000.0,10000.0,2000.0,6000.0,5000.0,-7900.0,0.9523809523809523,Fixed eight,Reminders plus $0.50 coupon
100000,8.0,0.25,0.05,0.4,3.0,0.15,5000.0,0.0,200000.0,10000.0,4000.0,12000.0,0.0,-3200.0,1.1111111111111112,Fixed eight,Reminders only
100000,8.0,0.25,0.05,0.4,3.0,0.15,5000.0,0.5,200000.0,10000.0,4000.0,12000.0,5000.0,-8200.0,2.2222222222222223,Fixed eight,Reminders plus $0.50 coupon
100000,8.0,0.25,0.05,0.4,3.0,0.25,5000.0,0.0,200000.0,10000.0,4000.0,12000.0,0.0,-2000.0,0.6666666666666666,Fixed eight,Reminders only
100000,8.0,0.25,0.05,0.4,3.0,0.25,5000.0,0.5,200000.0,10000.0,4000.0,12000.0,5000.0,-7000.0,1.3333333333333333,Fixed eight,Reminders plus $0.50 coupon
100000,8.0,0.25,0.05,0.4,3.0,0.35,5000.0,0.0,200000.0,10000.0,4000.0,12000.0,0.0,-800.0,0.47619047619047616,Fixed eight,Reminders only
100000,8.0,0.25,0.05,0.4,3.0,0.35,5000.0,0.5,200000.0,10000.0,4000.0,12000.0,5000.0,-5800.0,0.9523809523809523,Fixed eight,Reminders plus $0.50 coupon
100000,8.0,0.25,0.1,0.05,3.0,0.15,5000.0,0.0,200000.0,20000.0,1000.0,3000.0,0.0,-4550.0,0.5555555555555556,Fixed eight,Reminders only
100000,8.0,0.25,0.1,0.05,3.0,0.15,5000.0,0.5,200000.0,20000.0,1000.0,3000.0,10000.0,-14550.0,1.6666666666666667,Fixed eight,Reminders plus $0.50 coupon
100000,8.0,0.25,0.1,0.05,3.0,0.25,5000.0,0.0,200000.0,20000.0,1000.0,3000.0,0.0,-4250.0,0.3333333333333333,Fixed eight,Reminders only
100000,8.0,0.25,0.1,0.05,3.0,0.25,5000.0,0.5,200000.0,20000.0,1000.0,3000.0,10000.0,-14250.0,1.0,Fixed eight,Reminders plus $0.50 coupon
100000,8.0,0.25,0.1,0.05,3.0,0.35,5000.0,0.0,200000.0,20000.0,1000.0,3000.0,0.0,-3950.0,0.23809523809523808,Fixed eight,Reminders only
100000,8.0,0.25,0.1,0.05,3.0,0.35,5000.0,0.5,200000.0,20000.0,1000.0,3000.0,10000.0,-13950.0,0.7142857142857143,Fixed eight,Reminders plus $0.50 coupon
100000,8.0,0.25,0.1,0.1,3.0,0.15,5000.0,0.0,200000.0,20000.0,2000.0,6000.0,0.0,-4100.0,0.5555555555555556,Fixed eight,Reminders only
100000,8.0,0.25,0.1,0.1,3.0,0.15,5000.0,0.5,200000.0,20000.0,2000.0,6000.0,10000.0,-14100.0,1.6666666666666667,Fixed eight,Reminders plus $0.50 coupon
100000,8.0,0.25,0.1,0.1,3.0,0.25,5000.0,0.0,200000.0,20000.0,2000.0,6000.0,0.0,-3500.0,0.3333333333333333,Fixed eight,Reminders only
100000,8.0,0.25,0.1,0.1,3.0,0.25,5000.0,0.5,200000.0,20000.0,2000.0,6000.0,10000.0,-13500.0,1.0,Fixed eight,Reminders plus $0.50 coupon
100000,8.0,0.25,0.1,0.1,3.0,0.35,5000.0,0.0,200000.0,20000.0,2000.0,6000.0,0.0,-2900.0,0.23809523809523808,Fixed eight,Reminders only
100000,8.0,0.25,0.1,0.1,3.0,0.35,5000.0,0.5,200000.0,20000.0,2000.0,6000.0,10000.0,-12900.0,0.7142857142857143,Fixed eight,Reminders plus $0.50 coupon
100000,8.0,0.25,0.1,0.2,3.0,0.15,5000.0,0.0,200000.0,20000.0,4000.0,12000.0,0.0,-3200.0,0.5555555555555556,Fixed eight,Reminders only
100000,8.0,0.25,0.1,0.2,3.0,0.15,5000.0,0.5,200000.0,20000.0,4000.0,12000.0,10000.0,-13200.0,1.6666666666666667,Fixed eight,Reminders plus $0.50 coupon
100000,8.0,0.25,0.1,0.2,3.0,0.25,5000.0,0.0,200000.0,20000.0,4000.0,12000.0,0.0,-2000.0,0.3333333333333333,Fixed eight,Reminders only
100000,8.0,0.25,0.1,0.2,3.0,0.25,5000.0,0.5,200000.0,20000.0,4000.0,12000.0,10000.0,-12000.0,1.0,Fixed eight,Reminders plus $0.50 coupon
100000,8.0,0.25,0.1,0.2,3.0,0.35,5000.0,0.0,200000.0,20000.0,4000.0,12000.0,0.0,-800.0,0.23809523809523808,Fixed eight,Reminders only
100000,8.0,0.25,0.1,0.2,3.0,0.35,5000.0,0.5,200000.0,20000.0,4000.0,12000.0,10000.0,-10800.0,0.7142857142857143,Fixed eight,Reminders plus $0.50 coupon
100000,8.0,0.25,0.1,0.4,3.0,0.15,5000.0,0.0,200000.0,20000.0,8000.0,24000.0,0.0,-1400.0,0.5555555555555556,Fixed eight,Reminders only
100000,8.0,0.25,0.1,0.4,3.0,0.15,5000.0,0.5,200000.0,20000.0,8000.0,24000.0,10000.0,-11400.0,1.6666666666666667,Fixed eight,Reminders plus $0.50 coupon
100000,8.0,0.25,0.1,0.4,3.0,0.25,5000.0,0.0,200000.0,20000.0,8000.0,24000.0,0.0,1000.0,0.3333333333333333,Fixed eight,Reminders only
100000,8.0,0.25,0.1,0.4,3.0,0.25,5000.0,0.5,200000.0,20000.0,8000.0,24000.0,10000.0,-9000.0,1.0,Fixed eight,Reminders plus $0.50 coupon
100000,8.0,0.25,0.1,0.4,3.0,0.35,5000.0,0.0,200000.0,20000.0,8000.0,24000.0,0.0,3400.0,0.23809523809523808,Fixed eight,Reminders only
100000,8.0,0.25,0.1,0.4,3.0,0.35,5000.0,0.5,200000.0,20000.0,8000.0,24000.0,10000.0,-6600.0,0.7142857142857143,Fixed eight,Reminders plus $0.50 coupon
100000,8.0,0.25,0.2,0.05,3.0,0.15,5000.0,0.0,200000.0,40000.0,2000.0,6000.0,0.0,-4100.0,0.2777777777777778,Fixed eight,Reminders only
100000,8.0,0.25,0.2,0.05,3.0,0.15,5000.0,0.5,200000.0,40000.0,2000.0,6000.0,20000.0,-24100.0,1.3888888888888888,Fixed eight,Reminders plus $0.50 coupon
100000,8.0,0.25,0.2,0.05,3.0,0.25,5000.0,0.0,200000.0,40000.0,2000.0,6000.0,0.0,-3500.0,0.16666666666666666,Fixed eight,Reminders only
100000,8.0,0.25,0.2,0.05,3.0,0.25,5000.0,0.5,200000.0,40000.0,2000.0,6000.0,20000.0,-23500.0,0.8333333333333334,Fixed eight,Reminders plus $0.50 coupon
100000,8.0,0.25,0.2,0.05,3.0,0.35,5000.0,0.0,200000.0,40000.0,2000.0,6000.0,0.0,-2900.0,0.11904761904761904,Fixed eight,Reminders only
100000,8.0,0.25,0.2,0.05,3.0,0.35,5000.0,0.5,200000.0,40000.0,2000.0,6000.0,20000.0,-22900.0,0.5952380952380952,Fixed eight,Reminders plus $0.50 coupon
100000,8.0,0.25,0.2,0.1,3.0,0.15,5000.0,0.0,200000.0,40000.0,4000.0,12000.0,0.0,-3200.0,0.2777777777777778,Fixed eight,Reminders only
100000,8.0,0.25,0.2,0.1,3.0,0.15,5000.0,0.5,200000.0,40000.0,4000.0,12000.0,20000.0,-23200.0,1.3888888888888888,Fixed eight,Reminders plus $0.50 coupon
100000,8.0,0.25,0.2,0.1,3.0,0.25,5000.0,0.0,200000.0,40000.0,4000.0,12000.0,0.0,-2000.0,0.16666666666666666,Fixed eight,Reminders only
100000,8.0,0.25,0.2,0.1,3.0,0.25,5000.0,0.5,200000.0,40000.0,4000.0,12000.0,20000.0,-22000.0,0.8333333333333334,Fixed eight,Reminders plus $0.50 coupon
100000,8.0,0.25,0.2,0.1,3.0,0.35,5000.0,0.0,200000.0,40000.0,4000.0,12000.0,0.0,-800.0,0.11904761904761904,Fixed eight,Reminders only
100000,8.0,0.25,0.2,0.1,3.0,0.35,5000.0,0.5,200000.0,40000.0,4000.0,12000.0,20000.0,-20800.0,0.5952380952380952,Fixed eight,Reminders plus $0.50 coupon
100000,8.0,0.25,0.2,0.2,3.0,0.15,5000.0,0.0,200000.0,40000.0,8000.0,24000.0,0.0,-1400.0,0.2777777777777778,Fixed eight,Reminders only
100000,8.0,0.25,0.2,0.2,3.0,0.15,5000.0,0.5,200000.0,40000.0,8000.0,24000.0,20000.0,-21400.0,1.3888888888888888,Fixed eight,Reminders plus $0.50 coupon
100000,8.0,0.25,0.2,0.2,3.0,0.25,5000.0,0.0,200000.0,40000.0,8000.0,24000.0,0.0,1000.0,0.16666666666666666,Fixed eight,Reminders only
100000,8.0,0.25,0.2,0.2,3.0,0.25,5000.0,0.5,200000.0,40000.0,8000.0,24000.0,20000.0,-19000.0,0.8333333333333334,Fixed eight,Reminders plus $0.50 coupon
100000,8.0,0.25,0.2,0.2,3.0,0.35,5000.0,0.0,200000.0,40000.0,8000.0,24000.0,0.0,3400.0,0.11904761904761904,Fixed eight,Reminders only
100000,8.0,0.25,0.2,0.2,3.0,0.35,5000.0,0.5,200000.0,40000.0,8000.0,24000.0,20000.0,-16600.0,0.5952380952380952,Fixed eight,Reminders plus $0.50 coupon
100000,8.0,0.25,0.2,0.4,3.0,0.15,5000.0,0.0,200000.0,40000.0,16000.0,48000.0,0.0,2200.0,0.2777777777777778,Fixed eight,Reminders only
100000,8.0,0.25,0.2,0.4,3.0,0.15,5000.0,0.5,200000.0,40000.0,16000.0,48000.0,20000.0,-17800.0,1.3888888888888888,Fixed eight,Reminders plus $0.50 coupon
100000,8.0,0.25,0.2,0.4,3.0,0.25,5000.0,0.0,200000.0,40000.0,16000.0,48000.0,0.0,7000.0,0.16666666666666666,Fixed eight,Reminders only
100000,8.0,0.25,0.2,0.4,3.0,0.25,5000.0,0.5,200000.0,40000.0,16000.0,48000.0,20000.0,-13000.0,0.8333333333333334,Fixed eight,Reminders plus $0.50 coupon
100000,8.0,0.25,0.2,0.4,3.0,0.35,5000.0,0.0,200000.0,40000.0,16000.0,48000.0,0.0,11800.0,0.11904761904761904,Fixed eight,Reminders only
100000,8.0,0.25,0.2,0.4,3.0,0.35,5000.0,0.5,200000.0,40000.0,16000.0,48000.0,20000.0,-8200.0,0.5952380952380952,Fixed eight,Reminders plus $0.50 coupon
100000,8.0,0.5,0.05,0.05,3.0,0.15,5000.0,0.0,400000.0,20000.0,1000.0,3000.0,0.0,-4550.0,0.5555555555555556,Fixed eight,Reminders only
100000,8.0,0.5,0.05,0.05,3.0,0.15,5000.0,0.5,400000.0,20000.0,1000.0,3000.0,10000.0,-14550.0,1.6666666666666667,Fixed eight,Reminders plus $0.50 coupon
100000,8.0,0.5,0.05,0.05,3.0,0.25,5000.0,0.0,400000.0,20000.0,1000.0,3000.0,0.0,-4250.0,0.3333333333333333,Fixed eight,Reminders only
100000,8.0,0.5,0.05,0.05,3.0,0.25,5000.0,0.5,400000.0,20000.0,1000.0,3000.0,10000.0,-14250.0,1.0,Fixed eight,Reminders plus $0.50 coupon
100000,8.0,0.5,0.05,0.05,3.0,0.35,5000.0,0.0,400000.0,20000.0,1000.0,3000.0,0.0,-3950.0,0.23809523809523808,Fixed eight,Reminders only
100000,8.0,0.5,0.05,0.05,3.0,0.35,5000.0,0.5,400000.0,20000.0,1000.0,3000.0,10000.0,-13950.0,0.7142857142857143,Fixed eight,Reminders plus $0.50 coupon
100000,8.0,0.5,0.05,0.1,3.0,0.15,5000.0,0.0,400000.0,20000.0,2000.0,6000.0,0.0,-4100.0,0.5555555555555556,Fixed eight,Reminders only
100000,8.0,0.5,0.05,0.1,3.0,0.15,5000.0,0.5,400000.0,20000.0,2000.0,6000.0,10000.0,-14100.0,1.6666666666666667,Fixed eight,Reminders plus $0.50 coupon
100000,8.0,0.5,0.05,0.1,3.0,0.25,5000.0,0.0,400000.0,20000.0,2000.0,6000.0,0.0,-3500.0,0.3333333333333333,Fixed eight,Reminders only
100000,8.0,0.5,0.05,0.1,3.0,0.25,5000.0,0.5,400000.0,20000.0,2000.0,6000.0,10000.0,-13500.0,1.0,Fixed eight,Reminders plus $0.50 coupon
100000,8.0,0.5,0.05,0.1,3.0,0.35,5000.0,0.0,400000.0,20000.0,2000.0,6000.0,0.0,-2900.0,0.23809523809523808,Fixed eight,Reminders only
100000,8.0,0.5,0.05,0.1,3.0,0.35,5000.0,0.5,400000.0,20000.0,2000.0,6000.0,10000.0,-12900.0,0.7142857142857143,Fixed eight,Reminders plus $0.50 coupon
100000,8.0,0.5,0.05,0.2,3.0,0.15,5000.0,0.0,400000.0,20000.0,4000.0,12000.0,0.0,-3200.0,0.5555555555555556,Fixed eight,Reminders only
100000,8.0,0.5,0.05,0.2,3.0,0.15,5000.0,0.5,400000.0,20000.0,4000.0,12000.0,10000.0,-13200.0,1.6666666666666667,Fixed eight,Reminders plus $0.50 coupon
100000,8.0,0.5,0.05,0.2,3.0,0.25,5000.0,0.0,400000.0,20000.0,4000.0,12000.0,0.0,-2000.0,0.3333333333333333,Fixed eight,Reminders only
100000,8.0,0.5,0.05,0.2,3.0,0.25,5000.0,0.5,400000.0,20000.0,4000.0,12000.0,10000.0,-12000.0,1.0,Fixed eight,Reminders plus $0.50 coupon
100000,8.0,0.5,0.05,0.2,3.0,0.35,5000.0,0.0,400000.0,20000.0,4000.0,12000.0,0.0,-800.0,0.23809523809523808,Fixed eight,Reminders only
100000,8.0,0.5,0.05,0.2,3.0,0.35,5000.0,0.5,400000.0,20000.0,4000.0,12000.0,10000.0,-10800.0,0.7142857142857143,Fixed eight,Reminders plus $0.50 coupon
100000,8.0,0.5,0.05,0.4,3.0,0.15,5000.0,0.0,400000.0,20000.0,8000.0,24000.0,0.0,-1400.0,0.5555555555555556,Fixed eight,Reminders only
100000,8.0,0.5,0.05,0.4,3.0,0.15,5000.0,0.5,400000.0,20000.0,8000.0,24000.0,10000.0,-11400.0,1.6666666666666667,Fixed eight,Reminders plus $0.50 coupon
100000,8.0,0.5,0.05,0.4,3.0,0.25,5000.0,0.0,400000.0,20000.0,8000.0,24000.0,0.0,1000.0,0.3333333333333333,Fixed eight,Reminders only
100000,8.0,0.5,0.05,0.4,3.0,0.25,5000.0,0.5,400000.0,20000.0,8000.0,24000.0,10000.0,-9000.0,1.0,Fixed eight,Reminders plus $0.50 coupon
100000,8.0,0.5,0.05,0.4,3.0,0.35,5000.0,0.0,400000.0,20000.0,8000.0,24000.0,0.0,3400.0,0.23809523809523808,Fixed eight,Reminders only
100000,8.0,0.5,0.05,0.4,3.0,0.35,5000.0,0.5,400000.0,20000.0,8000.0,24000.0,10000.0,-6600.0,0.7142857142857143,Fixed eight,Reminders plus $0.50 coupon
100000,8.0,0.5,0.1,0.05,3.0,0.15,5000.0,0.0,400000.0,40000.0,2000.0,6000.0,0.0,-4100.0,0.2777777777777778,Fixed eight,Reminders only
100000,8.0,0.5,0.1,0.05,3.0,0.15,5000.0,0.5,400000.0,40000.0,2000.0,6000.0,20000.0,-24100.0,1.3888888888888888,Fixed eight,Reminders plus $0.50 coupon
100000,8.0,0.5,0.1,0.05,3.0,0.25,5000.0,0.0,400000.0,40000.0,2000.0,6000.0,0.0,-3500.0,0.16666666666666666,Fixed eight,Reminders only
100000,8.0,0.5,0.1,0.05,3.0,0.25,5000.0,0.5,400000.0,40000.0,2000.0,6000.0,20000.0,-23500.0,0.8333333333333334,Fixed eight,Reminders plus $0.50 coupon
100000,8.0,0.5,0.1,0.05,3.0,0.35,5000.0,0.0,400000.0,40000.0,2000.0,6000.0,0.0,-2900.0,0.11904761904761904,Fixed eight,Reminders only
100000,8.0,0.5,0.1,0.05,3.0,0.35,5000.0,0.5,400000.0,40000.0,2000.0,6000.0,20000.0,-22900.0,0.5952380952380952,Fixed eight,Reminders plus $0.50 coupon
100000,8.0,0.5,0.1,0.1,3.0,0.15,5000.0,0.0,400000.0,40000.0,4000.0,12000.0,0.0,-3200.0,0.2777777777777778,Fixed eight,Reminders only
100000,8.0,0.5,0.1,0.1,3.0,0.15,5000.0,0.5,400000.0,40000.0,4000.0,12000.0,20000.0,-23200.0,1.3888888888888888,Fixed eight,Reminders plus $0.50 coupon
100000,8.0,0.5,0.1,0.1,3.0,0.25,5000.0,0.0,400000.0,40000.0,4000.0,12000.0,0.0,-2000.0,0.16666666666666666,Fixed eight,Reminders only
100000,8.0,0.5,0.1,0.1,3.0,0.25,5000.0,0.5,400000.0,40000.0,4000.0,12000.0,20000.0,-22000.0,0.8333333333333334,Fixed eight,Reminders plus $0.50 coupon
100000,8.0,0.5,0.1,0.1,3.0,0.35,5000.0,0.0,400000.0,40000.0,4000.0,12000.0,0.0,-800.0,0.11904761904761904,Fixed eight,Reminders only
100000,8.0,0.5,0.1,0.1,3.0,0.35,5000.0,0.5,400000.0,40000.0,4000.0,12000.0,20000.0,-20800.0,0.5952380952380952,Fixed eight,Reminders plus $0.50 coupon
100000,8.0,0.5,0.1,0.2,3.0,0.15,5000.0,0.0,400000.0,40000.0,8000.0,24000.0,0.0,-1400.0,0.2777777777777778,Fixed eight,Reminders only
100000,8.0,0.5,0.1,0.2,3.0,0.15,5000.0,0.5,400000.0,40000.0,8000.0,24000.0,20000.0,-21400.0,1.3888888888888888,Fixed eight,Reminders plus $0.50 coupon
100000,8.0,0.5,0.1,0.2,3.0,0.25,5000.0,0.0,400000.0,40000.0,8000.0,24000.0,0.0,1000.0,0.16666666666666666,Fixed eight,Reminders only
100000,8.0,0.5,0.1,0.2,3.0,0.25,5000.0,0.5,400000.0,40000.0,8000.0,24000.0,20000.0,-19000.0,0.8333333333333334,Fixed eight,Reminders plus $0.50 coupon
100000,8.0,0.5,0.1,0.2,3.0,0.35,5000.0,0.0,400000.0,40000.0,8000.0,24000.0,0.0,3400.0,0.11904761904761904,Fixed eight,Reminders only
100000,8.0,0.5,0.1,0.2,3.0,0.35,5000.0,0.5,400000.0,40000.0,8000.0,24000.0,20000.0,-16600.0,0.5952380952380952,Fixed eight,Reminders plus $0.50 coupon
100000,8.0,0.5,0.1,0.4,3.0,0.15,5000.0,0.0,400000.0,40000.0,16000.0,48000.0,0.0,2200.0,0.2777777777777778,Fixed eight,Reminders only
100000,8.0,0.5,0.1,0.4,3.0,0.15,5000.0,0.5,400000.0,40000.0,16000.0,48000.0,20000.0,-17800.0,1.3888888888888888,Fixed eight,Reminders plus $0.50 coupon
100000,8.0,0.5,0.1,0.4,3.0,0.25,5000.0,0.0,400000.0,40000.0,16000.0,48000.0,0.0,7000.0,0.16666666666666666,Fixed eight,Reminders only
100000,8.0,0.5,0.1,0.4,3.0,0.25,5000.0,0.5,400000.0,40000.0,16000.0,48000.0,20000.0,-13000.0,0.8333333333333334,Fixed eight,Reminders plus $0.50 coupon
100000,8.0,0.5,0.1,0.4,3.0,0.35,5000.0,0.0,400000.0,40000.0,16000.0,48000.0,0.0,11800.0,0.11904761904761904,Fixed eight,Reminders only
100000,8.0,0.5,0.1,0.4,3.0,0.35,5000.0,0.5,400000.0,40000.0,16000.0,48000.0,20000.0,-8200.0,0.5952380952380952,Fixed eight,Reminders plus $0.50 coupon
100000,8.0,0.5,0.2,0.05,3.0,0.15,5000.0,0.0,400000.0,80000.0,4000.0,12000.0,0.0,-3200.0,0.1388888888888889,Fixed eight,Reminders only
100000,8.0,0.5,0.2,0.05,3.0,0.15,5000.0,0.5,400000.0,80000.0,4000.0,12000.0,40000.0,-43200.0,1.25,Fixed eight,Reminders plus $0.50 coupon
100000,8.0,0.5,0.2,0.05,3.0,0.25,5000.0,0.0,400000.0,80000.0,4000.0,12000.0,0.0,-2000.0,0.08333333333333333,Fixed eight,Reminders only
100000,8.0,0.5,0.2,0.05,3.0,0.25,5000.0,0.5,400000.0,80000.0,4000.0,12000.0,40000.0,-42000.0,0.75,Fixed eight,Reminders plus $0.50 coupon
100000,8.0,0.5,0.2,0.05,3.0,0.35,5000.0,0.0,400000.0,80000.0,4000.0,12000.0,0.0,-800.0,0.05952380952380952,Fixed eight,Reminders only
100000,8.0,0.5,0.2,0.05,3.0,0.35,5000.0,0.5,400000.0,80000.0,4000.0,12000.0,40000.0,-40800.0,0.5357142857142857,Fixed eight,Reminders plus $0.50 coupon
100000,8.0,0.5,0.2,0.1,3.0,0.15,5000.0,0.0,400000.0,80000.0,8000.0,24000.0,0.0,-1400.0,0.1388888888888889,Fixed eight,Reminders only
100000,8.0,0.5,0.2,0.1,3.0,0.15,5000.0,0.5,400000.0,80000.0,8000.0,24000.0,40000.0,-41400.0,1.25,Fixed eight,Reminders plus $0.50 coupon
100000,8.0,0.5,0.2,0.1,3.0,0.25,5000.0,0.0,400000.0,80000.0,8000.0,24000.0,0.0,1000.0,0.08333333333333333,Fixed eight,Reminders only
100000,8.0,0.5,0.2,0.1,3.0,0.25,5000.0,0.5,400000.0,80000.0,8000.0,24000.0,40000.0,-39000.0,0.75,Fixed eight,Reminders plus $0.50 coupon
100000,8.0,0.5,0.2,0.1,3.0,0.35,5000.0,0.0,400000.0,80000.0,8000.0,24000.0,0.0,3400.0,0.05952380952380952,Fixed eight,Reminders only
100000,8.0,0.5,0.2,0.1,3.0,0.35,5000.0,0.5,400000.0,80000.0,8000.0,24000.0,40000.0,-36600.0,0.5357142857142857,Fixed eight,Reminders plus $0.50 coupon
100000,8.0,0.5,0.2,0.2,3.0,0.15,5000.0,0.0,400000.0,80000.0,16000.0,48000.0,0.0,2200.0,0.1388888888888889,Fixed eight,Reminders only
100000,8.0,0.5,0.2,0.2,3.0,0.15,5000.0,0.5,400000.0,80000.0,16000.0,48000.0,40000.0,-37800.0,1.25,Fixed eight,Reminders plus $0.50 coupon
100000,8.0,0.5,0.2,0.2,3.0,0.25,5000.0,0.0,400000.0,80000.0,16000.0,48000.0,0.0,7000.0,0.08333333333333333,Fixed eight,Reminders only
100000,8.0,0.5,0.2,0.2,3.0,0.25,5000.0,0.5,400000.0,80000.0,16000.0,48000.0,40000.0,-33000.0,0.75,Fixed eight,Reminders plus $0.50 coupon
100000,8.0,0.5,0.2,0.2,3.0,0.35,5000.0,0.0,400000.0,80000.0,16000.0,48000.0,0.0,11800.0,0.05952380952380952,Fixed eight,Reminders only
100000,8.0,0.5,0.2,0.2,3.0,0.35,5000.0,0.5,400000.0,80000.0,16000.0,48000.0,40000.0,-28200.0,0.5357142857142857,Fixed eight,Reminders plus $0.50 coupon
100000,8.0,0.5,0.2,0.4,3.0,0.15,5000.0,0.0,400000.0,80000.0,32000.0,96000.0,0.0,9400.0,0.1388888888888889,Fixed eight,Reminders only
100000,8.0,0.5,0.2,0.4,3.0,0.15,5000.0,0.5,400000.0,80000.0,32000.0,96000.0,40000.0,-30600.0,1.25,Fixed eight,Reminders plus $0.50 coupon
100000,8.0,0.5,0.2,0.4,3.0,0.25,5000.0,0.0,400000.0,80000.0,32000.0,96000.0,0.0,19000.0,0.08333333333333333,Fixed eight,Reminders only
100000,8.0,0.5,0.2,0.4,3.0,0.25,5000.0,0.5,400000.0,80000.0,32000.0,96000.0,40000.0,-21000.0,0.75,Fixed eight,Reminders plus $0.50 coupon
100000,8.0,0.5,0.2,0.4,3.0,0.35,5000.0,0.0,400000.0,80000.0,32000.0,96000.0,0.0,28600.0,0.05952380952380952,Fixed eight,Reminders only
100000,8.0,0.5,0.2,0.4,3.0,0.35,5000.0,0.5,400000.0,80000.0,32000.0,96000.0,40000.0,-11400.0,0.5357142857142857,Fixed eight,Reminders plus $0.50 coupon
100000,1.6313171827370447,0.1,0.05,0.05,3.0,0.15,5000.0,0.0,16313.171827370448,815.6585913685225,40.78292956842613,122.34878870527838,0.0,-4981.647681694209,13.622257190313837,Confidence filtered,Reminders only
100000,1.6313171827370447,0.1,0.05,0.05,3.0,0.15,5000.0,0.5,16313.171827370448,815.6585913685225,40.78292956842613,122.34878870527838,407.82929568426124,-5389.476977378469,14.73336830142495,Confidence filtered,Reminders plus $0.50 coupon
100000,1.6313171827370447,0.1,0.05,0.05,3.0,0.25,5000.0,0.0,16313.171827370448,815.6585913685225,40.78292956842613,122.34878870527838,0.0,-4969.41280282368,8.173354314188302,Confidence filtered,Reminders only
100000,1.6313171827370447,0.1,0.05,0.05,3.0,0.25,5000.0,0.5,16313.171827370448,815.6585913685225,40.78292956842613,122.34878870527838,407.82929568426124,-5377.242098507942,8.84002098085497,Confidence filtered,Reminders plus $0.50 coupon
100000,1.6313171827370447,0.1,0.05,0.05,3.0,0.35,5000.0,0.0,16313.171827370448,815.6585913685225,40.78292956842613,122.34878870527838,0.0,-4957.1779239531525,5.838110224420216,Confidence filtered,Reminders only
100000,1.6313171827370447,0.1,0.05,0.05,3.0,0.35,5000.0,0.5,16313.171827370448,815.6585913685225,40.78292956842613,122.34878870527838,407.82929568426124,-5365.007219637414,6.314300700610692,Confidence filtered,Reminders plus $0.50 coupon
100000,1.6313171827370447,0.1,0.05,0.1,3.0,0.15,5000.0,0.0,16313.171827370448,815.6585913685225,81.56585913685225,244.69757741055676,0.0,-4963.295363388416,13.622257190313837,Confidence filtered,Reminders only
100000,1.6313171827370447,0.1,0.05,0.1,3.0,0.15,5000.0,0.5,16313.171827370448,815.6585913685225,81.56585913685225,244.69757741055676,407.82929568426124,-5371.124659072678,14.73336830142495,Confidence filtered,Reminders plus $0.50 coupon
100000,1.6313171827370447,0.1,0.05,0.1,3.0,0.25,5000.0,0.0,16313.171827370448,815.6585913685225,81.56585913685225,244.69757741055676,0.0,-4938.825605647361,8.173354314188302,Confidence filtered,Reminders only
100000,1.6313171827370447,0.1,0.05,0.1,3.0,0.25,5000.0,0.5,16313.171827370448,815.6585913685225,81.56585913685225,244.69757741055676,407.82929568426124,-5346.654901331622,8.84002098085497,Confidence filtered,Reminders plus $0.50 coupon
100000,1.6313171827370447,0.1,0.05,0.1,3.0,0.35,5000.0,0.0,16313.171827370448,815.6585913685225,81.56585913685225,244.69757741055676,0.0,-4914.355847906305,5.838110224420216,Confidence filtered,Reminders only
100000,1.6313171827370447,0.1,0.05,0.1,3.0,0.35,5000.0,0.5,16313.171827370448,815.6585913685225,81.56585913685225,244.69757741055676,407.82929568426124,-5322.185143590566,6.314300700610692,Confidence filtered,Reminders plus $0.50 coupon
100000,1.6313171827370447,0.1,0.05,0.2,3.0,0.15,5000.0,0.0,16313.171827370448,815.6585913685225,163.1317182737045,489.3951548211135,0.0,-4926.5907267768325,13.622257190313837,Confidence filtered,Reminders only
100000,1.6313171827370447,0.1,0.05,0.2,3.0,0.15,5000.0,0.5,16313.171827370448,815.6585913685225,163.1317182737045,489.3951548211135,407.82929568426124,-5334.420022461094,14.73336830142495,Confidence filtered,Reminders plus $0.50 coupon
100000,1.6313171827370447,0.1,0.05,0.2,3.0,0.25,5000.0,0.0,16313.171827370448,815.6585913685225,163.1317182737045,489.3951548211135,0.0,-4877.651211294721,8.173354314188302,Confidence filtered,Reminders only
100000,1.6313171827370447,0.1,0.05,0.2,3.0,0.25,5000.0,0.5,16313.171827370448,815.6585913685225,163.1317182737045,489.3951548211135,407.82929568426124,-5285.480506978983,8.84002098085497,Confidence filtered,Reminders plus $0.50 coupon
100000,1.6313171827370447,0.1,0.05,0.2,3.0,0.35,5000.0,0.0,16313.171827370448,815.6585913685225,163.1317182737045,489.3951548211135,0.0,-4828.71169581261,5.838110224420216,Confidence filtered,Reminders only
100000,1.6313171827370447,0.1,0.05,0.2,3.0,0.35,5000.0,0.5,16313.171827370448,815.6585913685225,163.1317182737045,489.3951548211135,407.82929568426124,-5236.540991496871,6.314300700610692,Confidence filtered,Reminders plus $0.50 coupon
100000,1.6313171827370447,0.1,0.05,0.4,3.0,0.15,5000.0,0.0,16313.171827370448,815.6585913685225,326.263436547409,978.790309642227,0.0,-4853.181453553666,13.622257190313837,Confidence filtered,Reminders only
100000,1.6313171827370447,0.1,0.05,0.4,3.0,0.15,5000.0,0.5,16313.171827370448,815.6585913685225,326.263436547409,978.790309642227,407.82929568426124,-5261.0107492379275,14.73336830142495,Confidence filtered,Reminders plus $0.50 coupon
100000,1.6313171827370447,0.1,0.05,0.4,3.0,0.25,5000.0,0.0,16313.171827370448,815.6585913685225,326.263436547409,978.790309642227,0.0,-4755.302422589443,8.173354314188302,Confidence filtered,Reminders only
100000,1.6313171827370447,0.1,0.05,0.4,3.0,0.25,5000.0,0.5,16313.171827370448,815.6585913685225,326.263436547409,978.790309642227,407.82929568426124,-5163.131718273705,8.84002098085497,Confidence filtered,Reminders plus $0.50 coupon
100000,1.6313171827370447,0.1,0.05,0.4,3.0,0.35,5000.0,0.0,16313.171827370448,815.6585913685225,326.263436547409,978.790309642227,0.0,-4657.423391625221,5.838110224420216,Confidence filtered,Reminders only
100000,1.6313171827370447,0.1,0.05,0.4,3.0,0.35,5000.0,0.5,16313.171827370448,815.6585913685225,326.263436547409,978.790309642227,407.82929568426124,-5065.252687309482,6.314300700610692,Confidence filtered,Reminders plus $0.50 coupon
100000,1.6313171827370447,0.1,0.1,0.05,3.0,0.15,5000.0,0.0,16313.171827370448,1631.317182737045,81.56585913685225,244.69757741055676,0.0,-4963.295363388416,6.8111285951569185,Confidence filtered,Reminders only
100000,1.6313171827370447,0.1,0.1,0.05,3.0,0.15,5000.0,0.5,16313.171827370448,1631.317182737045,81.56585913685225,244.69757741055676,815.6585913685225,-5778.953954756939,7.922239706268029,Confidence filtered,Reminders plus $0.50 coupon
100000,1.6313171827370447,0.1,0.1,0.05,3.0,0.25,5000.0,0.0,16313.171827370448,1631.317182737045,81.56585913685225,244.69757741055676,0.0,-4938.825605647361,4.086677157094151,Confidence filtered,Reminders only
100000,1.6313171827370447,0.1,0.1,0.05,3.0,0.25,5000.0,0.5,16313.171827370448,1631.317182737045,81.56585913685225,244.69757741055676,815.6585913685225,-5754.484197015883,4.753343823760818,Confidence filtered,Reminders plus $0.50 coupon
100000,1.6313171827370447,0.1,0.1,0.05,3.0,0.35,5000.0,0.0,16313.171827370448,1631.317182737045,81.56585913685225,244.69757741055676,0.0,-4914.355847906305,2.919055112210108,Confidence filtered,Reminders only
100000,1.6313171827370447,0.1,0.1,0.05,3.0,0.35,5000.0,0.5,16313.171827370448,1631.317182737045,81.56585913685225,244.69757741055676,815.6585913685225,-5730.014439274828,3.395245588400584,Confidence filtered,Reminders plus $0.50 coupon
100000,1.6313171827370447,0.1,0.1,0.1,3.0,0.15,5000.0,0.0,16313.171827370448,1631.317182737045,163.1317182737045,489.3951548211135,0.0,-4926.5907267768325,6.8111285951569185,Confidence filtered,Reminders only
100000,1.6313171827370447,0.1,0.1,0.1,3.0,0.15,5000.0,0.5,16313.171827370448,1631.317182737045,163.1317182737045,489.3951548211135,815.6585913685225,-5742.249318145356,7.922239706268029,Confidence filtered,Reminders plus $0.50 coupon
100000,1.6313171827370447,0.1,0.1,0.1,3.0,0.25,5000.0,0.0,16313.171827370448,1631.317182737045,163.1317182737045,489.3951548211135,0.0,-4877.651211294721,4.086677157094151,Confidence filtered,Reminders only
100000,1.6313171827370447,0.1,0.1,0.1,3.0,0.25,5000.0,0.5,16313.171827370448,1631.317182737045,163.1317182737045,489.3951548211135,815.6585913685225,-5693.309802663244,4.753343823760818,Confidence filtered,Reminders plus $0.50 coupon
100000,1.6313171827370447,0.1,0.1,0.1,3.0,0.35,5000.0,0.0,16313.171827370448,1631.317182737045,163.1317182737045,489.3951548211135,0.0,-4828.71169581261,2.919055112210108,Confidence filtered,Reminders only
100000,1.6313171827370447,0.1,0.1,0.1,3.0,0.35,5000.0,0.5,16313.171827370448,1631.317182737045,163.1317182737045,489.3951548211135,815.6585913685225,-5644.370287181133,3.395245588400584,Confidence filtered,Reminders plus $0.50 coupon
100000,1.6313171827370447,0.1,0.1,0.2,3.0,0.15,5000.0,0.0,16313.171827370448,1631.317182737045,326.263436547409,978.790309642227,0.0,-4853.181453553666,6.8111285951569185,Confidence filtered,Reminders only
100000,1.6313171827370447,0.1,0.1,0.2,3.0,0.15,5000.0,0.5,16313.171827370448,1631.317182737045,326.263436547409,978.790309642227,815.6585913685225,-5668.840044922188,7.922239706268029,Confidence filtered,Reminders plus $0.50 coupon
100000,1.6313171827370447,0.1,0.1,0.2,3.0,0.25,5000.0,0.0,16313.171827370448,1631.317182737045,326.263436547409,978.790309642227,0.0,-4755.302422589443,4.086677157094151,Confidence filtered,Reminders only
100000,1.6313171827370447,0.1,0.1,0.2,3.0,0.25,5000.0,0.5,16313.171827370448,1631.317182737045,326.263436547409,978.790309642227,815.6585913685225,-5570.961013957965,4.753343823760818,Confidence filtered,Reminders plus $0.50 coupon
100000,1.6313171827370447,0.1,0.1,0.2,3.0,0.35,5000.0,0.0,16313.171827370448,1631.317182737045,326.263436547409,978.790309642227,0.0,-4657.423391625221,2.919055112210108,Confidence filtered,Reminders only
100000,1.6313171827370447,0.1,0.1,0.2,3.0,0.35,5000.0,0.5,16313.171827370448,1631.317182737045,326.263436547409,978.790309642227,815.6585913685225,-5473.081982993743,3.395245588400584,Confidence filtered,Reminders plus $0.50 coupon
100000,1.6313171827370447,0.1,0.1,0.4,3.0,0.15,5000.0,0.0,16313.171827370448,1631.317182737045,652.526873094818,1957.580619284454,0.0,-4706.362907107332,6.8111285951569185,Confidence filtered,Reminders only
100000,1.6313171827370447,0.1,0.1,0.4,3.0,0.15,5000.0,0.5,16313.171827370448,1631.317182737045,652.526873094818,1957.580619284454,815.6585913685225,-5522.021498475854,7.922239706268029,Confidence filtered,Reminders plus $0.50 coupon
100000,1.6313171827370447,0.1,0.1,0.4,3.0,0.25,5000.0,0.0,16313.171827370448,1631.317182737045,652.526873094818,1957.580619284454,0.0,-4510.6048451788865,4.086677157094151,Confidence filtered,Reminders only
100000,1.6313171827370447,0.1,0.1,0.4,3.0,0.25,5000.0,0.5,16313.171827370448,1631.317182737045,652.526873094818,1957.580619284454,815.6585913685225,-5326.263436547409,4.753343823760818,Confidence filtered,Reminders plus $0.50 coupon
100000,1.6313171827370447,0.1,0.1,0.4,3.0,0.35,5000.0,0.0,16313.171827370448,1631.317182737045,652.526873094818,1957.580619284454,0.0,-4314.846783250441,2.919055112210108,Confidence filtered,Reminders only
100000,1.6313171827370447,0.1,0.1,0.4,3.0,0.35,5000.0,0.5,16313.171827370448,1631.317182737045,652.526873094818,1957.580619284454,815.6585913685225,-5130.505374618963,3.395245588400584,Confidence filtered,Reminders plus $0.50 coupon
100000,1.6313171827370447,0.1,0.2,0.05,3.0,0.15,5000.0,0.0,16313.171827370448,3262.63436547409,163.1317182737045,489.3951548211135,0.0,-4926.5907267768325,3.4055642975784592,Confidence filtered,Reminders only
100000,1.6313171827370447,0.1,0.2,0.05,3.0,0.15,5000.0,0.5,16313.171827370448,3262.63436547409,163.1317182737045,489.3951548211135,1631.317182737045,-6557.907909513878,4.51667540868957,Confidence filtered,Reminders plus $0.50 coupon
100000,1.6313171827370447,0.1,0.2,0.05,3.0,0.25,5000.0,0.0,16313.171827370448,3262.63436547409,163.1317182737045,489.3951548211135,0.0,-4877.651211294721,2.0433385785470755,Confidence filtered,Reminders only
100000,1.6313171827370447,0.1,0.2,0.05,3.0,0.25,5000.0,0.5,16313.171827370448,3262.63436547409,163.1317182737045,489.3951548211135,1631.317182737045,-6508.968394031766,2.7100052452137424,Confidence filtered,Reminders plus $0.50 coupon
100000,1.6313171827370447,0.1,0.2,0.05,3.0,0.35,5000.0,0.0,16313.171827370448,3262.63436547409,163.1317182737045,489.3951548211135,0.0,-4828.71169581261,1.459527556105054,Confidence filtered,Reminders only
100000,1.6313171827370447,0.1,0.2,0.05,3.0,0.35,5000.0,0.5,16313.171827370448,3262.63436547409,163.1317182737045,489.3951548211135,1631.317182737045,-6460.028878549655,1.9357180322955303,Confidence filtered,Reminders plus $0.50 coupon
100000,1.6313171827370447,0.1,0.2,0.1,3.0,0.15,5000.0,0.0,16313.171827370448,3262.63436547409,326.263436547409,978.790309642227,0.0,-4853.181453553666,3.4055642975784592,Confidence filtered,Reminders only
100000,1.6313171827370447,0.1,0.2,0.1,3.0,0.15,5000.0,0.5,16313.171827370448,3262.63436547409,326.263436547409,978.790309642227,1631.317182737045,-6484.498636290711,4.51667540868957,Confidence filtered,Reminders plus $0.50 coupon
100000,1.6313171827370447,0.1,0.2,0.1,3.0,0.25,5000.0,0.0,16313.171827370448,3262.63436547409,326.263436547409,978.790309642227,0.0,-4755.302422589443,2.0433385785470755,Confidence filtered,Reminders only
100000,1.6313171827370447,0.1,0.2,0.1,3.0,0.25,5000.0,0.5,16313.171827370448,3262.63436547409,326.263436547409,978.790309642227,1631.317182737045,-6386.619605326488,2.7100052452137424,Confidence filtered,Reminders plus $0.50 coupon
100000,1.6313171827370447,0.1,0.2,0.1,3.0,0.35,5000.0,0.0,16313.171827370448,3262.63436547409,326.263436547409,978.790309642227,0.0,-4657.423391625221,1.459527556105054,Confidence filtered,Reminders only
100000,1.6313171827370447,0.1,0.2,0.1,3.0,0.35,5000.0,0.5,16313.171827370448,3262.63436547409,326.263436547409,978.790309642227,1631.317182737045,-6288.740574362266,1.9357180322955303,Confidence filtered,Reminders plus $0.50 coupon
100000,1.6313171827370447,0.1,0.2,0.2,3.0,0.15,5000.0,0.0,16313.171827370448,3262.63436547409,652.526873094818,1957.580619284454,0.0,-4706.362907107332,3.4055642975784592,Confidence filtered,Reminders only
100000,1.6313171827370447,0.1,0.2,0.2,3.0,0.15,5000.0,0.5,16313.171827370448,3262.63436547409,652.526873094818,1957.580619284454,1631.317182737045,-6337.680089844377,4.51667540868957,Confidence filtered,Reminders plus $0.50 coupon
100000,1.6313171827370447,0.1,0.2,0.2,3.0,0.25,5000.0,0.0,16313.171827370448,3262.63436547409,652.526873094818,1957.580619284454,0.0,-4510.6048451788865,2.0433385785470755,Confidence filtered,Reminders only
100000,1.6313171827370447,0.1,0.2,0.2,3.0,0.25,5000.0,0.5,16313.171827370448,3262.63436547409,652.526873094818,1957.580619284454,1631.317182737045,-6141.922027915932,2.7100052452137424,Confidence filtered,Reminders plus $0.50 coupon
100000,1.6313171827370447,0.1,0.2,0.2,3.0,0.35,5000.0,0.0,16313.171827370448,3262.63436547409,652.526873094818,1957.580619284454,0.0,-4314.846783250441,1.459527556105054,Confidence filtered,Reminders only
100000,1.6313171827370447,0.1,0.2,0.2,3.0,0.35,5000.0,0.5,16313.171827370448,3262.63436547409,652.526873094818,1957.580619284454,1631.317182737045,-5946.163965987486,1.9357180322955303,Confidence filtered,Reminders plus $0.50 coupon
100000,1.6313171827370447,0.1,0.2,0.4,3.0,0.15,5000.0,0.0,16313.171827370448,3262.63436547409,1305.053746189636,3915.161238568908,0.0,-4412.725814214664,3.4055642975784592,Confidence filtered,Reminders only
100000,1.6313171827370447,0.1,0.2,0.4,3.0,0.15,5000.0,0.5,16313.171827370448,3262.63436547409,1305.053746189636,3915.161238568908,1631.317182737045,-6044.042996951709,4.51667540868957,Confidence filtered,Reminders plus $0.50 coupon
100000,1.6313171827370447,0.1,0.2,0.4,3.0,0.25,5000.0,0.0,16313.171827370448,3262.63436547409,1305.053746189636,3915.161238568908,0.0,-4021.209690357773,2.0433385785470755,Confidence filtered,Reminders only
100000,1.6313171827370447,0.1,0.2,0.4,3.0,0.25,5000.0,0.5,16313.171827370448,3262.63436547409,1305.053746189636,3915.161238568908,1631.317182737045,-5652.526873094818,2.7100052452137424,Confidence filtered,Reminders plus $0.50 coupon
100000,1.6313171827370447,0.1,0.2,0.4,3.0,0.35,5000.0,0.0,16313.171827370448,3262.63436547409,1305.053746189636,3915.161238568908,0.0,-3629.6935665008823,1.459527556105054,Confidence filtered,Reminders only
100000,1.6313171827370447,0.1,0.2,0.4,3.0,0.35,5000.0,0.5,16313.171827370448,3262.63436547409,1305.053746189636,3915.161238568908,1631.317182737045,-5261.0107492379275,1.9357180322955303,Confidence filtered,Reminders plus $0.50 coupon
100000,1.6313171827370447,0.25,0.05,0.05,3.0,0.15,5000.0,0.0,40782.929568426116,2039.1464784213058,101.9573239210653,305.8719717631959,0.0,-4954.119204235521,5.448902876125536,Confidence filtered,Reminders only
100000,1.6313171827370447,0.25,0.05,0.05,3.0,0.15,5000.0,0.5,40782.929568426116,2039.1464784213058,101.9573239210653,305.8719717631959,1019.5732392106529,-5973.6924434461735,6.560013987236647,Confidence filtered,Reminders plus $0.50 coupon
100000,1.6313171827370447,0.25,0.05,0.05,3.0,0.25,5000.0,0.0,40782.929568426116,2039.1464784213058,101.9573239210653,305.8719717631959,0.0,-4923.532007059201,3.2693417256753214,Confidence filtered,Reminders only
100000,1.6313171827370447,0.25,0.05,0.05,3.0,0.25,5000.0,0.5,40782.929568426116,2039.1464784213058,101.9573239210653,305.8719717631959,1019.5732392106529,-5943.1052462698535,3.936008392341988,Confidence filtered,Reminders plus $0.50 coupon
100000,1.6313171827370447,0.25,0.05,0.05,3.0,0.35,5000.0,0.0,40782.929568426116,2039.1464784213058,101.9573239210653,305.8719717631959,0.0,-4892.944809882882,2.3352440897680866,Confidence filtered,Reminders only
100000,1.6313171827370447,0.25,0.05,0.05,3.0,0.35,5000.0,0.5,40782.929568426116,2039.1464784213058,101.9573239210653,305.8719717631959,1019.5732392106529,-5912.5180490935345,2.811434565958563,Confidence filtered,Reminders plus $0.50 coupon
100000,1.6313171827370447,0.25,0.05,0.1,3.0,0.15,5000.0,0.0,40782.929568426116,2039.1464784213058,203.9146478421306,611.7439435263918,0.0,-4908.238408471041,5.448902876125536,Confidence filtered,Reminders only
100000,1.6313171827370447,0.25,0.05,0.1,3.0,0.15,5000.0,0.5,40782.929568426116,2039.1464784213058,203.9146478421306,611.7439435263918,1019.5732392106529,-5927.811647681694,6.560013987236647,Confidence filtered,Reminders plus $0.50 coupon
100000,1.6313171827370447,0.25,0.05,0.1,3.0,0.25,5000.0,0.0,40782.929568426116,2039.1464784213058,203.9146478421306,611.7439435263918,0.0,-4847.064014118402,3.2693417256753214,Confidence filtered,Reminders only
100000,1.6313171827370447,0.25,0.05,0.1,3.0,0.25,5000.0,0.5,40782.929568426116,2039.1464784213058,203.9146478421306,611.7439435263918,1019.5732392106529,-5866.637253329055,3.936008392341988,Confidence filtered,Reminders plus $0.50 coupon
100000,1.6313171827370447,0.25,0.05,0.1,3.0,0.35,5000.0,0.0,40782.929568426116,2039.1464784213058,203.9146478421306,611.7439435263918,0.0,-4785.889619765763,2.3352440897680866,Confidence filtered,Reminders only
100000,1.6313171827370447,0.25,0.05,0.1,3.0,0.35,5000.0,0.5,40782.929568426116,2039.1464784213058,203.9146478421306,611.7439435263918,1019.5732392106529,-5805.462858976416,2.811434565958563,Confidence filtered,Reminders plus $0.50 coupon
100000,1.6313171827370447,0.25,0.05,0.2,3.0,0.15,5000.0,0.0,40782.929568426116,2039.1464784213058,407.8292956842612,1223.4878870527837,0.0,-4816.476816942082,5.448902876125536,Confidence filtered,Reminders only
100000,1.6313171827370447,0.25,0.05,0.2,3.0,0.15,5000.0,0.5,40782.929568426116,2039.1464784213058,407.8292956842612,1223.4878870527837,1019.5732392106529,-5836.050056152735,6.560013987236647,Confidence filtered,Reminders plus $0.50 coupon
100000,1.6313171827370447,0.25,0.05,0.2,3.0,0.25,5000.0,0.0,40782.929568426116,2039.1464784213058,407.8292956842612,1223.4878870527837,0.0,-4694.128028236804,3.2693417256753214,Confidence filtered,Reminders only
100000,1.6313171827370447,0.25,0.05,0.2,3.0,0.25,5000.0,0.5,40782.929568426116,2039.1464784213058,407.8292956842612,1223.4878870527837,1019.5732392106529,-5713.701267447457,3.936008392341988,Confidence filtered,Reminders plus $0.50 coupon
100000,1.6313171827370447,0.25,0.05,0.2,3.0,0.35,5000.0,0.0,40782.929568426116,2039.1464784213058,407.8292956842612,1223.4878870527837,0.0,-4571.7792395315255,2.3352440897680866,Confidence filtered,Reminders only
100000,1.6313171827370447,0.25,0.05,0.2,3.0,0.35,5000.0,0.5,40782.929568426116,2039.1464784213058,407.8292956842612,1223.4878870527837,1019.5732392106529,-5591.352478742178,2.811434565958563,Confidence filtered,Reminders plus $0.50 coupon
100000,1.6313171827370447,0.25,0.05,0.4,3.0,0.15,5000.0,0.0,40782.929568426116,2039.1464784213058,815.6585913685224,2446.9757741055673,0.0,-4632.953633884164,5.448902876125536,Confidence filtered,Reminders only
100000,1.6313171827370447,0.25,0.05,0.4,3.0,0.15,5000.0,0.5,40782.929568426116,2039.1464784213058,815.6585913685224,2446.9757741055673,1019.5732392106529,-5652.526873094817,6.560013987236647,Confidence filtered,Reminders plus $0.50 coupon
100000,1.6313171827370447,0.25,0.05,0.4,3.0,0.25,5000.0,0.0,40782.929568426116,2039.1464784213058,815.6585913685224,2446.9757741055673,0.0,-4388.256056473609,3.2693417256753214,Confidence filtered,Reminders only
100000,1.6313171827370447,0.25,0.05,0.4,3.0,0.25,5000.0,0.5,40782.929568426116,2039.1464784213058,815.6585913685224,2446.9757741055673,1019.5732392106529,-5407.8292956842615,3.936008392341988,Confidence filtered,Reminders plus $0.50 coupon
100000,1.6313171827370447,0.25,0.05,0.4,3.0,0.35,5000.0,0.0,40782.929568426116,2039.1464784213058,815.6585913685224,2446.9757741055673,0.0,-4143.558479063051,2.3352440897680866,Confidence filtered,Reminders only
100000,1.6313171827370447,0.25,0.05,0.4,3.0,0.35,5000.0,0.5,40782.929568426116,2039.1464784213058,815.6585913685224,2446.9757741055673,1019.5732392106529,-5163.131718273704,2.811434565958563,Confidence filtered,Reminders plus $0.50 coupon
100000,1.6313171827370447,0.25,0.1,0.05,3.0,0.15,5000.0,0.0,40782.929568426116,4078.2929568426116,203.9146478421306,611.7439435263918,0.0,-4908.238408471041,2.724451438062768,Confidence filtered,Reminders only
100000,1.6313171827370447,0.25,0.1,0.05,3.0,0.15,5000.0,0.5,40782.929568426116,4078.2929568426116,203.9146478421306,611.7439435263918,2039.1464784213058,-6947.384886892347,3.8355625491738787,Confidence filtered,Reminders plus $0.50 coupon
100000,1.6313171827370447,0.25,0.1,0.05,3.0,0.25,5000.0,0.0,40782.929568426116,4078.2929568426116,203.9146478421306,611.7439435263918,0.0,-4847.064014118402,1.6346708628376607,Confidence filtered,Reminders only
100000,1.6313171827370447,0.25,0.1,0.05,3.0,0.25,5000.0,0.5,40782.929568426116,4078.2929568426116,203.9146478421306,611.7439435263918,2039.1464784213058,-6886.210492539708,2.3013375295043272,Confidence filtered,Reminders plus $0.50 coupon
100000,1.6313171827370447,0.25,0.1,0.05,3.0,0.35,5000.0,0.0,40782.929568426116,4078.2929568426116,203.9146478421306,611.7439435263918,0.0,-4785.889619765763,1.1676220448840433,Confidence filtered,Reminders only
100000,1.6313171827370447,0.25,0.1,0.05,3.0,0.35,5000.0,0.5,40782.929568426116,4078.2929568426116,203.9146478421306,611.7439435263918,2039.1464784213058,-6825.036098187069,1.6438125210745196,Confidence filtered,Reminders plus $0.50 coupon
100000,1.6313171827370447,0.25,0.1,0.1,3.0,0.15,5000.0,0.0,40782.929568426116,4078.2929568426116,407.8292956842612,1223.4878870527837,0.0,-4816.476816942082,2.724451438062768,Confidence filtered,Reminders only
100000,1.6313171827370447,0.25,0.1,0.1,3.0,0.15,5000.0,0.5,40782.929568426116,4078.2929568426116,407.8292956842612,1223.4878870527837,2039.1464784213058,-6855.623295363388,3.8355625491738787,Confidence filtered,Reminders plus $0.50 coupon
100000,1.6313171827370447,0.25,0.1,0.1,3.0,0.25,5000.0,0.0,40782.929568426116,4078.2929568426116,407.8292956842612,1223.4878870527837,0.0,-4694.128028236804,1.6346708628376607,Confidence filtered,Reminders only
100000,1.6313171827370447,0.25,0.1,0.1,3.0,0.25,5000.0,0.5,40782.929568426116,4078.2929568426116,407.8292956842612,1223.4878870527837,2039.1464784213058,-6733.27450665811,2.3013375295043272,Confidence filtered,Reminders plus $0.50 coupon
100000,1.6313171827370447,0.25,0.1,0.1,3.0,0.35,5000.0,0.0,40782.929568426116,4078.2929568426116,407.8292956842612,1223.4878870527837,0.0,-4571.7792395315255,1.1676220448840433,Confidence filtered,Reminders only
100000,1.6313171827370447,0.25,0.1,0.1,3.0,0.35,5000.0,0.5,40782.929568426116,4078.2929568426116,407.8292956842612,1223.4878870527837,2039.1464784213058,-6610.925717952831,1.6438125210745196,Confidence filtered,Reminders plus $0.50 coupon
100000,1.6313171827370447,0.25,0.1,0.2,3.0,0.15,5000.0,0.0,40782.929568426116,4078.2929568426116,815.6585913685224,2446.9757741055673,0.0,-4632.953633884164,2.724451438062768,Confidence filtered,Reminders only
100000,1.6313171827370447,0.25,0.1,0.2,3.0,0.15,5000.0,0.5,40782.929568426116,4078.2929568426116,815.6585913685224,2446.9757741055673,2039.1464784213058,-6672.10011230547,3.8355625491738787,Confidence filtered,Reminders plus $0.50 coupon
100000,1.6313171827370447,0.25,0.1,0.2,3.0,0.25,5000.0,0.0,40782.929568426116,4078.2929568426116,815.6585913685224,2446.9757741055673,0.0,-4388.256056473609,1.6346708628376607,Confidence filtered,Reminders only
100000,1.6313171827370447,0.25,0.1,0.2,3.0,0.25,5000.0,0.5,40782.929568426116,4078.2929568426116,815.6585913685224,2446.9757741055673,2039.1464784213058,-6427.402534894914,2.3013375295043272,Confidence filtered,Reminders plus $0.50 coupon
100000,1.6313171827370447,0.25,0.1,0.2,3.0,0.35,5000.0,0.0,40782.929568426116,4078.2929568426116,815.6585913685224,2446.9757741055673,0.0,-4143.558479063051,1.1676220448840433,Confidence filtered,Reminders only
100000,1.6313171827370447,0.25,0.1,0.2,3.0,0.35,5000.0,0.5,40782.929568426116,4078.2929568426116,815.6585913685224,2446.9757741055673,2039.1464784213058,-6182.704957484357,1.6438125210745196,Confidence filtered,Reminders plus $0.50 coupon
100000,1.6313171827370447,0.25,0.1,0.4,3.0,0.15,5000.0,0.0,40782.929568426116,4078.2929568426116,1631.3171827370447,4893.951548211135,0.0,-4265.90726776833,2.724451438062768,Confidence filtered,Reminders only
100000,1.6313171827370447,0.25,0.1,0.4,3.0,0.15,5000.0,0.5,40782.929568426116,4078.2929568426116,1631.3171827370447,4893.951548211135,2039.1464784213058,-6305.053746189636,3.8355625491738787,Confidence filtered,Reminders plus $0.50 coupon
100000,1.6313171827370447,0.25,0.1,0.4,3.0,0.25,5000.0,0.0,40782.929568426116,4078.2929568426116,1631.3171827370447,4893.951548211135,0.0,-3776.5121129472163,1.6346708628376607,Confidence filtered,Reminders only
100000,1.6313171827370447,0.25,0.1,0.4,3.0,0.25,5000.0,0.5,40782.929568426116,4078.2929568426116,1631.3171827370447,4893.951548211135,2039.1464784213058,-5815.658591368522,2.3013375295043272,Confidence filtered,Reminders plus $0.50 coupon
100000,1.6313171827370447,0.25,0.1,0.4,3.0,0.35,5000.0,0.0,40782.929568426116,4078.2929568426116,1631.3171827370447,4893.951548211135,0.0,-3287.116958126103,1.1676220448840433,Confidence filtered,Reminders only
100000,1.6313171827370447,0.25,0.1,0.4,3.0,0.35,5000.0,0.5,40782.929568426116,4078.2929568426116,1631.3171827370447,4893.951548211135,2039.1464784213058,-5326.263436547409,1.6438125210745196,Confidence filtered,Reminders plus $0.50 coupon
100000,1.6313171827370447,0.25,0.2,0.05,3.0,0.15,5000.0,0.0,40782.929568426116,8156.585913685223,407.8292956842612,1223.4878870527837,0.0,-4816.476816942082,1.362225719031384,Confidence filtered,Reminders only
100000,1.6313171827370447,0.25,0.2,0.05,3.0,0.15,5000.0,0.5,40782.929568426116,8156.585913685223,407.8292956842612,1223.4878870527837,4078.2929568426116,-8894.769773784694,2.473336830142495,Confidence filtered,Reminders plus $0.50 coupon
100000,1.6313171827370447,0.25,0.2,0.05,3.0,0.25,5000.0,0.0,40782.929568426116,8156.585913685223,407.8292956842612,1223.4878870527837,0.0,-4694.128028236804,0.8173354314188304,Confidence filtered,Reminders only
100000,1.6313171827370447,0.25,0.2,0.05,3.0,0.25,5000.0,0.5,40782.929568426116,8156.585913685223,407.8292956842612,1223.4878870527837,4078.2929568426116,-8772.420985079416,1.484002098085497,Confidence filtered,Reminders plus $0.50 coupon
100000,1.6313171827370447,0.25,0.2,0.05,3.0,0.35,5000.0,0.0,40782.929568426116,8156.585913685223,407.8292956842612,1223.4878870527837,0.0,-4571.7792395315255,0.5838110224420217,Confidence filtered,Reminders only
100000,1.6313171827370447,0.25,0.2,0.05,3.0,0.35,5000.0,0.5,40782.929568426116,8156.585913685223,407.8292956842612,1223.4878870527837,4078.2929568426116,-8650.072196374138,1.060001498632498,Confidence filtered,Reminders plus $0.50 coupon
100000,1.6313171827370447,0.25,0.2,0.1,3.0,0.15,5000.0,0.0,40782.929568426116,8156.585913685223,815.6585913685224,2446.9757741055673,0.0,-4632.953633884164,1.362225719031384,Confidence filtered,Reminders only
100000,1.6313171827370447,0.25,0.2,0.1,3.0,0.15,5000.0,0.5,40782.929568426116,8156.585913685223,815.6585913685224,2446.9757741055673,4078.2929568426116,-8711.246590726776,2.473336830142495,Confidence filtered,Reminders plus $0.50 coupon
100000,1.6313171827370447,0.25,0.2,0.1,3.0,0.25,5000.0,0.0,40782.929568426116,8156.585913685223,815.6585913685224,2446.9757741055673,0.0,-4388.256056473609,0.8173354314188304,Confidence filtered,Reminders only
100000,1.6313171827370447,0.25,0.2,0.1,3.0,0.25,5000.0,0.5,40782.929568426116,8156.585913685223,815.6585913685224,2446.9757741055673,4078.2929568426116,-8466.54901331622,1.484002098085497,Confidence filtered,Reminders plus $0.50 coupon
100000,1.6313171827370447,0.25,0.2,0.1,3.0,0.35,5000.0,0.0,40782.929568426116,8156.585913685223,815.6585913685224,2446.9757741055673,0.0,-4143.558479063051,0.5838110224420217,Confidence filtered,Reminders only
100000,1.6313171827370447,0.25,0.2,0.1,3.0,0.35,5000.0,0.5,40782.929568426116,8156.585913685223,815.6585913685224,2446.9757741055673,4078.2929568426116,-8221.851435905663,1.060001498632498,Confidence filtered,Reminders plus $0.50 coupon
100000,1.6313171827370447,0.25,0.2,0.2,3.0,0.15,5000.0,0.0,40782.929568426116,8156.585913685223,1631.3171827370447,4893.951548211135,0.0,-4265.90726776833,1.362225719031384,Confidence filtered,Reminders only
100000,1.6313171827370447,0.25,0.2,0.2,3.0,0.15,5000.0,0.5,40782.929568426116,8156.585913685223,1631.3171827370447,4893.951548211135,4078.2929568426116,-8344.20022461094,2.473336830142495,Confidence filtered,Reminders plus $0.50 coupon
100000,1.6313171827370447,0.25,0.2,0.2,3.0,0.25,5000.0,0.0,40782.929568426116,8156.585913685223,1631.3171827370447,4893.951548211135,0.0,-3776.5121129472163,0.8173354314188304,Confidence filtered,Reminders only
100000,1.6313171827370447,0.25,0.2,0.2,3.0,0.25,5000.0,0.5,40782.929568426116,8156.585913685223,1631.3171827370447,4893.951548211135,4078.2929568426116,-7854.805069789828,1.484002098085497,Confidence filtered,Reminders plus $0.50 coupon
100000,1.6313171827370447,0.25,0.2,0.2,3.0,0.35,5000.0,0.0,40782.929568426116,8156.585913685223,1631.3171827370447,4893.951548211135,0.0,-3287.116958126103,0.5838110224420217,Confidence filtered,Reminders only
100000,1.6313171827370447,0.25,0.2,0.2,3.0,0.35,5000.0,0.5,40782.929568426116,8156.585913685223,1631.3171827370447,4893.951548211135,4078.2929568426116,-7365.4099149687145,1.060001498632498,Confidence filtered,Reminders plus $0.50 coupon
100000,1.6313171827370447,0.25,0.2,0.4,3.0,0.15,5000.0,0.0,40782.929568426116,8156.585913685223,3262.6343654740895,9787.90309642227,0.0,-3531.8145355366596,1.362225719031384,Confidence filtered,Reminders only
100000,1.6313171827370447,0.25,0.2,0.4,3.0,0.15,5000.0,0.5,40782.929568426116,8156.585913685223,3262.6343654740895,9787.90309642227,4078.2929568426116,-7610.107492379271,2.473336830142495,Confidence filtered,Reminders plus $0.50 coupon
100000,1.6313171827370447,0.25,0.2,0.4,3.0,0.25,5000.0,0.0,40782.929568426116,8156.585913685223,3262.6343654740895,9787.90309642227,0.0,-2553.0242258944327,0.8173354314188304,Confidence filtered,Reminders only
100000,1.6313171827370447,0.25,0.2,0.4,3.0,0.25,5000.0,0.5,40782.929568426116,8156.585913685223,3262.6343654740895,9787.90309642227,4078.2929568426116,-6631.317182737044,1.484002098085497,Confidence filtered,Reminders plus $0.50 coupon
100000,1.6313171827370447,0.25,0.2,0.4,3.0,0.35,5000.0,0.0,40782.929568426116,8156.585913685223,3262.6343654740895,9787.90309642227,0.0,-1574.2339162522057,0.5838110224420217,Confidence filtered,Reminders only
100000,1.6313171827370447,0.25,0.2,0.4,3.0,0.35,5000.0,0.5,40782.929568426116,8156.585913685223,3262.6343654740895,9787.90309642227,4078.2929568426116,-5652.526873094817,1.060001498632498,Confidence filtered,Reminders plus $0.50 coupon
100000,1.6313171827370447,0.5,0.05,0.05,3.0,0.15,5000.0,0.0,81565.85913685223,4078.2929568426116,203.9146478421306,611.7439435263918,0.0,-4908.238408471041,2.724451438062768,Confidence filtered,Reminders only
100000,1.6313171827370447,0.5,0.05,0.05,3.0,0.15,5000.0,0.5,81565.85913685223,4078.2929568426116,203.9146478421306,611.7439435263918,2039.1464784213058,-6947.384886892347,3.8355625491738787,Confidence filtered,Reminders plus $0.50 coupon
100000,1.6313171827370447,0.5,0.05,0.05,3.0,0.25,5000.0,0.0,81565.85913685223,4078.2929568426116,203.9146478421306,611.7439435263918,0.0,-4847.064014118402,1.6346708628376607,Confidence filtered,Reminders only
100000,1.6313171827370447,0.5,0.05,0.05,3.0,0.25,5000.0,0.5,81565.85913685223,4078.2929568426116,203.9146478421306,611.7439435263918,2039.1464784213058,-6886.210492539708,2.3013375295043272,Confidence filtered,Reminders plus $0.50 coupon
100000,1.6313171827370447,0.5,0.05,0.05,3.0,0.35,5000.0,0.0,81565.85913685223,4078.2929568426116,203.9146478421306,611.7439435263918,0.0,-4785.889619765763,1.1676220448840433,Confidence filtered,Reminders only
100000,1.6313171827370447,0.5,0.05,0.05,3.0,0.35,5000.0,0.5,81565.85913685223,4078.2929568426116,203.9146478421306,611.7439435263918,2039.1464784213058,-6825.036098187069,1.6438125210745196,Confidence filtered,Reminders plus $0.50 coupon
100000,1.6313171827370447,0.5,0.05,0.1,3.0,0.15,5000.0,0.0,81565.85913685223,4078.2929568426116,407.8292956842612,1223.4878870527837,0.0,-4816.476816942082,2.724451438062768,Confidence filtered,Reminders only
100000,1.6313171827370447,0.5,0.05,0.1,3.0,0.15,5000.0,0.5,81565.85913685223,4078.2929568426116,407.8292956842612,1223.4878870527837,2039.1464784213058,-6855.623295363388,3.8355625491738787,Confidence filtered,Reminders plus $0.50 coupon
100000,1.6313171827370447,0.5,0.05,0.1,3.0,0.25,5000.0,0.0,81565.85913685223,4078.2929568426116,407.8292956842612,1223.4878870527837,0.0,-4694.128028236804,1.6346708628376607,Confidence filtered,Reminders only
100000,1.6313171827370447,0.5,0.05,0.1,3.0,0.25,5000.0,0.5,81565.85913685223,4078.2929568426116,407.8292956842612,1223.4878870527837,2039.1464784213058,-6733.27450665811,2.3013375295043272,Confidence filtered,Reminders plus $0.50 coupon
100000,1.6313171827370447,0.5,0.05,0.1,3.0,0.35,5000.0,0.0,81565.85913685223,4078.2929568426116,407.8292956842612,1223.4878870527837,0.0,-4571.7792395315255,1.1676220448840433,Confidence filtered,Reminders only
100000,1.6313171827370447,0.5,0.05,0.1,3.0,0.35,5000.0,0.5,81565.85913685223,4078.2929568426116,407.8292956842612,1223.4878870527837,2039.1464784213058,-6610.925717952831,1.6438125210745196,Confidence filtered,Reminders plus $0.50 coupon
100000,1.6313171827370447,0.5,0.05,0.2,3.0,0.15,5000.0,0.0,81565.85913685223,4078.2929568426116,815.6585913685224,2446.9757741055673,0.0,-4632.953633884164,2.724451438062768,Confidence filtered,Reminders only
100000,1.6313171827370447,0.5,0.05,0.2,3.0,0.15,5000.0,0.5,81565.85913685223,4078.2929568426116,815.6585913685224,2446.9757741055673,2039.1464784213058,-6672.10011230547,3.8355625491738787,Confidence filtered,Reminders plus $0.50 coupon
100000,1.6313171827370447,0.5,0.05,0.2,3.0,0.25,5000.0,0.0,81565.85913685223,4078.2929568426116,815.6585913685224,2446.9757741055673,0.0,-4388.256056473609,1.6346708628376607,Confidence filtered,Reminders only
100000,1.6313171827370447,0.5,0.05,0.2,3.0,0.25,5000.0,0.5,81565.85913685223,4078.2929568426116,815.6585913685224,2446.9757741055673,2039.1464784213058,-6427.402534894914,2.3013375295043272,Confidence filtered,Reminders plus $0.50 coupon
100000,1.6313171827370447,0.5,0.05,0.2,3.0,0.35,5000.0,0.0,81565.85913685223,4078.2929568426116,815.6585913685224,2446.9757741055673,0.0,-4143.558479063051,1.1676220448840433,Confidence filtered,Reminders only
100000,1.6313171827370447,0.5,0.05,0.2,3.0,0.35,5000.0,0.5,81565.85913685223,4078.2929568426116,815.6585913685224,2446.9757741055673,2039.1464784213058,-6182.704957484357,1.6438125210745196,Confidence filtered,Reminders plus $0.50 coupon
100000,1.6313171827370447,0.5,0.05,0.4,3.0,0.15,5000.0,0.0,81565.85913685223,4078.2929568426116,1631.3171827370447,4893.951548211135,0.0,-4265.90726776833,2.724451438062768,Confidence filtered,Reminders only
100000,1.6313171827370447,0.5,0.05,0.4,3.0,0.15,5000.0,0.5,81565.85913685223,4078.2929568426116,1631.3171827370447,4893.951548211135,2039.1464784213058,-6305.053746189636,3.8355625491738787,Confidence filtered,Reminders plus $0.50 coupon
100000,1.6313171827370447,0.5,0.05,0.4,3.0,0.25,5000.0,0.0,81565.85913685223,4078.2929568426116,1631.3171827370447,4893.951548211135,0.0,-3776.5121129472163,1.6346708628376607,Confidence filtered,Reminders only
100000,1.6313171827370447,0.5,0.05,0.4,3.0,0.25,5000.0,0.5,81565.85913685223,4078.2929568426116,1631.3171827370447,4893.951548211135,2039.1464784213058,-5815.658591368522,2.3013375295043272,Confidence filtered,Reminders plus $0.50 coupon
100000,1.6313171827370447,0.5,0.05,0.4,3.0,0.35,5000.0,0.0,81565.85913685223,4078.2929568426116,1631.3171827370447,4893.951548211135,0.0,-3287.116958126103,1.1676220448840433,Confidence filtered,Reminders only
100000,1.6313171827370447,0.5,0.05,0.4,3.0,0.35,5000.0,0.5,81565.85913685223,4078.2929568426116,1631.3171827370447,4893.951548211135,2039.1464784213058,-5326.263436547409,1.6438125210745196,Confidence filtered,Reminders plus $0.50 coupon
100000,1.6313171827370447,0.5,0.1,0.05,3.0,0.15,5000.0,0.0,81565.85913685223,8156.585913685223,407.8292956842612,1223.4878870527837,0.0,-4816.476816942082,1.362225719031384,Confidence filtered,Reminders only
100000,1.6313171827370447,0.5,0.1,0.05,3.0,0.15,5000.0,0.5,81565.85913685223,8156.585913685223,407.8292956842612,1223.4878870527837,4078.2929568426116,-8894.769773784694,2.473336830142495,Confidence filtered,Reminders plus $0.50 coupon
100000,1.6313171827370447,0.5,0.1,0.05,3.0,0.25,5000.0,0.0,81565.85913685223,8156.585913685223,407.8292956842612,1223.4878870527837,0.0,-4694.128028236804,0.8173354314188304,Confidence filtered,Reminders only
100000,1.6313171827370447,0.5,0.1,0.05,3.0,0.25,5000.0,0.5,81565.85913685223,8156.585913685223,407.8292956842612,1223.4878870527837,4078.2929568426116,-8772.420985079416,1.484002098085497,Confidence filtered,Reminders plus $0.50 coupon
100000,1.6313171827370447,0.5,0.1,0.05,3.0,0.35,5000.0,0.0,81565.85913685223,8156.585913685223,407.8292956842612,1223.4878870527837,0.0,-4571.7792395315255,0.5838110224420217,Confidence filtered,Reminders only
100000,1.6313171827370447,0.5,0.1,0.05,3.0,0.35,5000.0,0.5,81565.85913685223,8156.585913685223,407.8292956842612,1223.4878870527837,4078.2929568426116,-8650.072196374138,1.060001498632498,Confidence filtered,Reminders plus $0.50 coupon
100000,1.6313171827370447,0.5,0.1,0.1,3.0,0.15,5000.0,0.0,81565.85913685223,8156.585913685223,815.6585913685224,2446.9757741055673,0.0,-4632.953633884164,1.362225719031384,Confidence filtered,Reminders only
100000,1.6313171827370447,0.5,0.1,0.1,3.0,0.15,5000.0,0.5,81565.85913685223,8156.585913685223,815.6585913685224,2446.9757741055673,4078.2929568426116,-8711.246590726776,2.473336830142495,Confidence filtered,Reminders plus $0.50 coupon
100000,1.6313171827370447,0.5,0.1,0.1,3.0,0.25,5000.0,0.0,81565.85913685223,8156.585913685223,815.6585913685224,2446.9757741055673,0.0,-4388.256056473609,0.8173354314188304,Confidence filtered,Reminders only
100000,1.6313171827370447,0.5,0.1,0.1,3.0,0.25,5000.0,0.5,81565.85913685223,8156.585913685223,815.6585913685224,2446.9757741055673,4078.2929568426116,-8466.54901331622,1.484002098085497,Confidence filtered,Reminders plus $0.50 coupon
100000,1.6313171827370447,0.5,0.1,0.1,3.0,0.35,5000.0,0.0,81565.85913685223,8156.585913685223,815.6585913685224,2446.9757741055673,0.0,-4143.558479063051,0.5838110224420217,Confidence filtered,Reminders only
100000,1.6313171827370447,0.5,0.1,0.1,3.0,0.35,5000.0,0.5,81565.85913685223,8156.585913685223,815.6585913685224,2446.9757741055673,4078.2929568426116,-8221.851435905663,1.060001498632498,Confidence filtered,Reminders plus $0.50 coupon
100000,1.6313171827370447,0.5,0.1,0.2,3.0,0.15,5000.0,0.0,81565.85913685223,8156.585913685223,1631.3171827370447,4893.951548211135,0.0,-4265.90726776833,1.362225719031384,Confidence filtered,Reminders only
100000,1.6313171827370447,0.5,0.1,0.2,3.0,0.15,5000.0,0.5,81565.85913685223,8156.585913685223,1631.3171827370447,4893.951548211135,4078.2929568426116,-8344.20022461094,2.473336830142495,Confidence filtered,Reminders plus $0.50 coupon
100000,1.6313171827370447,0.5,0.1,0.2,3.0,0.25,5000.0,0.0,81565.85913685223,8156.585913685223,1631.3171827370447,4893.951548211135,0.0,-3776.5121129472163,0.8173354314188304,Confidence filtered,Reminders only
100000,1.6313171827370447,0.5,0.1,0.2,3.0,0.25,5000.0,0.5,81565.85913685223,8156.585913685223,1631.3171827370447,4893.951548211135,4078.2929568426116,-7854.805069789828,1.484002098085497,Confidence filtered,Reminders plus $0.50 coupon
100000,1.6313171827370447,0.5,0.1,0.2,3.0,0.35,5000.0,0.0,81565.85913685223,8156.585913685223,1631.3171827370447,4893.951548211135,0.0,-3287.116958126103,0.5838110224420217,Confidence filtered,Reminders only
100000,1.6313171827370447,0.5,0.1,0.2,3.0,0.35,5000.0,0.5,81565.85913685223,8156.585913685223,1631.3171827370447,4893.951548211135,4078.2929568426116,-7365.4099149687145,1.060001498632498,Confidence filtered,Reminders plus $0.50 coupon
100000,1.6313171827370447,0.5,0.1,0.4,3.0,0.15,5000.0,0.0,81565.85913685223,8156.585913685223,3262.6343654740895,9787.90309642227,0.0,-3531.8145355366596,1.362225719031384,Confidence filtered,Reminders only
100000,1.6313171827370447,0.5,0.1,0.4,3.0,0.15,5000.0,0.5,81565.85913685223,8156.585913685223,3262.6343654740895,9787.90309642227,4078.2929568426116,-7610.107492379271,2.473336830142495,Confidence filtered,Reminders plus $0.50 coupon
100000,1.6313171827370447,0.5,0.1,0.4,3.0,0.25,5000.0,0.0,81565.85913685223,8156.585913685223,3262.6343654740895,9787.90309642227,0.0,-2553.0242258944327,0.8173354314188304,Confidence filtered,Reminders only
100000,1.6313171827370447,0.5,0.1,0.4,3.0,0.25,5000.0,0.5,81565.85913685223,8156.585913685223,3262.6343654740895,9787.90309642227,4078.2929568426116,-6631.317182737044,1.484002098085497,Confidence filtered,Reminders plus $0.50 coupon
100000,1.6313171827370447,0.5,0.1,0.4,3.0,0.35,5000.0,0.0,81565.85913685223,8156.585913685223,3262.6343654740895,9787.90309642227,0.0,-1574.2339162522057,0.5838110224420217,Confidence filtered,Reminders only
100000,1.6313171827370447,0.5,0.1,0.4,3.0,0.35,5000.0,0.5,81565.85913685223,8156.585913685223,3262.6343654740895,9787.90309642227,4078.2929568426116,-5652.526873094817,1.060001498632498,Confidence filtered,Reminders plus $0.50 coupon
100000,1.6313171827370447,0.5,0.2,0.05,3.0,0.15,5000.0,0.0,81565.85913685223,16313.171827370446,815.6585913685224,2446.9757741055673,0.0,-4632.953633884164,0.681112859515692,Confidence filtered,Reminders only
100000,1.6313171827370447,0.5,0.2,0.05,3.0,0.15,5000.0,0.5,81565.85913685223,16313.171827370446,815.6585913685224,2446.9757741055673,8156.585913685223,-12789.539547569388,1.792223970626803,Confidence filtered,Reminders plus $0.50 coupon
100000,1.6313171827370447,0.5,0.2,0.05,3.0,0.25,5000.0,0.0,81565.85913685223,16313.171827370446,815.6585913685224,2446.9757741055673,0.0,-4388.256056473609,0.4086677157094152,Confidence filtered,Reminders only
100000,1.6313171827370447,0.5,0.2,0.05,3.0,0.25,5000.0,0.5,81565.85913685223,16313.171827370446,815.6585913685224,2446.9757741055673,8156.585913685223,-12544.841970158832,1.075334382376082,Confidence filtered,Reminders plus $0.50 coupon
100000,1.6313171827370447,0.5,0.2,0.05,3.0,0.35,5000.0,0.0,81565.85913685223,16313.171827370446,815.6585913685224,2446.9757741055673,0.0,-4143.558479063051,0.2919055112210108,Confidence filtered,Reminders only
100000,1.6313171827370447,0.5,0.2,0.05,3.0,0.35,5000.0,0.5,81565.85913685223,16313.171827370446,815.6585913685224,2446.9757741055673,8156.585913685223,-12300.144392748274,0.768095987411487,Confidence filtered,Reminders plus $0.50 coupon
100000,1.6313171827370447,0.5,0.2,0.1,3.0,0.15,5000.0,0.0,81565.85913685223,16313.171827370446,1631.3171827370447,4893.951548211135,0.0,-4265.90726776833,0.681112859515692,Confidence filtered,Reminders only
100000,1.6313171827370447,0.5,0.2,0.1,3.0,0.15,5000.0,0.5,81565.85913685223,16313.171827370446,1631.3171827370447,4893.951548211135,8156.585913685223,-12422.493181453552,1.792223970626803,Confidence filtered,Reminders plus $0.50 coupon
100000,1.6313171827370447,0.5,0.2,0.1,3.0,0.25,5000.0,0.0,81565.85913685223,16313.171827370446,1631.3171827370447,4893.951548211135,0.0,-3776.5121129472163,0.4086677157094152,Confidence filtered,Reminders only
100000,1.6313171827370447,0.5,0.2,0.1,3.0,0.25,5000.0,0.5,81565.85913685223,16313.171827370446,1631.3171827370447,4893.951548211135,8156.585913685223,-11933.09802663244,1.075334382376082,Confidence filtered,Reminders plus $0.50 coupon
100000,1.6313171827370447,0.5,0.2,0.1,3.0,0.35,5000.0,0.0,81565.85913685223,16313.171827370446,1631.3171827370447,4893.951548211135,0.0,-3287.116958126103,0.2919055112210108,Confidence filtered,Reminders only
100000,1.6313171827370447,0.5,0.2,0.1,3.0,0.35,5000.0,0.5,81565.85913685223,16313.171827370446,1631.3171827370447,4893.951548211135,8156.585913685223,-11443.702871811325,0.768095987411487,Confidence filtered,Reminders plus $0.50 coupon
100000,1.6313171827370447,0.5,0.2,0.2,3.0,0.15,5000.0,0.0,81565.85913685223,16313.171827370446,3262.6343654740895,9787.90309642227,0.0,-3531.8145355366596,0.681112859515692,Confidence filtered,Reminders only
100000,1.6313171827370447,0.5,0.2,0.2,3.0,0.15,5000.0,0.5,81565.85913685223,16313.171827370446,3262.6343654740895,9787.90309642227,8156.585913685223,-11688.400449221883,1.792223970626803,Confidence filtered,Reminders plus $0.50 coupon
100000,1.6313171827370447,0.5,0.2,0.2,3.0,0.25,5000.0,0.0,81565.85913685223,16313.171827370446,3262.6343654740895,9787.90309642227,0.0,-2553.0242258944327,0.4086677157094152,Confidence filtered,Reminders only
100000,1.6313171827370447,0.5,0.2,0.2,3.0,0.25,5000.0,0.5,81565.85913685223,16313.171827370446,3262.6343654740895,9787.90309642227,8156.585913685223,-10709.610139579656,1.075334382376082,Confidence filtered,Reminders plus $0.50 coupon
100000,1.6313171827370447,0.5,0.2,0.2,3.0,0.35,5000.0,0.0,81565.85913685223,16313.171827370446,3262.6343654740895,9787.90309642227,0.0,-1574.2339162522057,0.2919055112210108,Confidence filtered,Reminders only
100000,1.6313171827370447,0.5,0.2,0.2,3.0,0.35,5000.0,0.5,81565.85913685223,16313.171827370446,3262.6343654740895,9787.90309642227,8156.585913685223,-9730.819829937429,0.768095987411487,Confidence filtered,Reminders plus $0.50 coupon
100000,1.6313171827370447,0.5,0.2,0.4,3.0,0.15,5000.0,0.0,81565.85913685223,16313.171827370446,6525.268730948179,19575.80619284454,0.0,-2063.629071073319,0.681112859515692,Confidence filtered,Reminders only
100000,1.6313171827370447,0.5,0.2,0.4,3.0,0.15,5000.0,0.5,81565.85913685223,16313.171827370446,6525.268730948179,19575.80619284454,8156.585913685223,-10220.214984758542,1.792223970626803,Confidence filtered,Reminders plus $0.50 coupon
100000,1.6313171827370447,0.5,0.2,0.4,3.0,0.25,5000.0,0.0,81565.85913685223,16313.171827370446,6525.268730948179,19575.80619284454,0.0,-106.04845178886535,0.4086677157094152,Confidence filtered,Reminders only
100000,1.6313171827370447,0.5,0.2,0.4,3.0,0.25,5000.0,0.5,81565.85913685223,16313.171827370446,6525.268730948179,19575.80619284454,8156.585913685223,-8262.634365474089,1.075334382376082,Confidence filtered,Reminders plus $0.50 coupon
100000,1.6313171827370447,0.5,0.2,0.4,3.0,0.35,5000.0,0.0,81565.85913685223,16313.171827370446,6525.268730948179,19575.80619284454,0.0,1851.5321674955885,0.2919055112210108,Confidence filtered,Reminders only
100000,1.6313171827370447,0.5,0.2,0.4,3.0,0.35,5000.0,0.5,81565.85913685223,16313.171827370446,6525.268730948179,19575.80619284454,8156.585913685223,-6305.053746189635,0.768095987411487,Confidence filtered,Reminders plus $0.50 coupon
